Номер;Время отк;Время зак.;Бот;Инструмент;Напр.;Состояние;Объём;Текущий;Ожидает;Цена входа;Цена выхода;Прибыль;Стоп Активация;Стоп Цена;Профит Активация;Профит цена;Тип Сигнала на Открытие;Тип Сигнала на Закрытие
1611;11.04.2025 16:33:00;11.04.2025 16:35:00;15 MyNewBot1tab1;UsdSgd.txt;Buy;Done;751703,703058;0,000000;0;1,31778;1,31739;-293,164444;0;0;0;0;IndexDeviation;IndexQuality
1610;11.04.2025 16:33:00;11.04.2025 16:35:00;11 MyNewBot1tab1;UsdNok.txt;Buy;Done;92813,143442;0,000000;0;10,6724;10,66382;-796,336771;0;0;0;0;IndexDeviation;IndexQuality
1612;11.04.2025 16:33:00;11.04.2025 16:35:00;3 MyNewBot1tab1;UsdDkk.txt;Buy;Done;151326,501712;0,000000;0;6,54608;6,55019;621,951922;0;0;0;0;IndexDeviation;IndexQuality
1609;11.04.2025 16:32:00;11.04.2025 16:34:00;14 MyNewBot1tab1;UsdSek.txt;Buy;Done;101311,973112;0,000000;0;9,77823;9,77393;-435,641484;0;0;0;0;IndexDeviation;IndexQuality
1608;11.04.2025 16:32:00;11.04.2025 16:34:00;7 MyNewBot1tab1;UsdJpy.txt;Buy;Done;6952,452025;0,000000;0;142,477;142,434;-298,9554;0;0;0;0;IndexDeviation;IndexQuality
1607;11.04.2025 16:31:00;11.04.2025 16:34:00;1 MyNewBot1tab1;UsdChf.txt;Sell;Done;1219147,759636;0,000000;0;0,8125;0,81157;1133,807416;0;0;0;0;IndexDeviation;IndexQuality
1594;11.04.2025 16:08:00;11.04.2025 16:16:00;2 MyNewBot1tab1;UsdCny.txt;Buy;Done;136582,140473;0,000000;0;7,2945;7,2935;-136,58214;0;0;0;0;IndexDeviation;IndexQuality
1602;11.04.2025 16:10:00;11.04.2025 16:13:00;17 MyNewBot1tab1;UsdZar.txt;Buy;Done;52087,498755;0,000000;0;19,1274;19,13578;436,49324;0;0;0;0;IndexDeviation;IndexQuality
1605;11.04.2025 16:10:00;11.04.2025 16:13:00;12 MyNewBot1tab1;UsdPln.txt;Buy;Done;264761,738954;0,000000;0;3,763;3,7624;-158,85704;0;0;0;0;IndexDeviation;IndexQuality
1596;11.04.2025 16:07:00;11.04.2025 16:13:00;7 MyNewBot1tab1;UsdJpy.txt;Buy;Done;6991,666014;0,000000;0;142,505;142,246;-1810,8415;0;0;0;0;IndexDeviation;IndexQuality
1606;11.04.2025 16:11:00;11.04.2025 16:13:00;6 MyNewBot1tab1;UsdInr.txt;Buy;Done;11560,087282;0,000000;0;86,048;86,052;46,24035;0;0;0;0;IndexDeviation;IndexQuality
1601;11.04.2025 16:09:00;11.04.2025 16:13:00;5 MyNewBot1tab1;UsdHuf.txt;Buy;Done;2776,596688;0,000000;0;358,7;358,493;-574,756;0;0;0;0;IndexDeviation;IndexQuality
1604;11.04.2025 16:10:00;11.04.2025 16:13:00;3 MyNewBot1tab1;UsdDkk.txt;Buy;Done;152211,434695;0,000000;0;6,5454;6,54329;-321,166127;0;0;0;0;IndexDeviation;IndexQuality
1603;11.04.2025 16:10:00;11.04.2025 16:12:00;0 MyNewBot1tab1;UsdCad.txt;Buy;Done;719473,716516;0,000000;0;1,38476;1,38447;-208,647378;0;0;0;0;IndexDeviation;IndexDeviationExit
1597;11.04.2025 16:07:00;11.04.2025 16:11:00;15 MyNewBot1tab1;UsdSgd.txt;Buy;Done;755985,691931;0,000000;0;1,31794;1,3175;-332,633704;0;0;0;0;IndexDeviation;IndexDeviationExit
1599;11.04.2025 16:07:00;11.04.2025 16:11:00;1 MyNewBot1tab1;UsdChf.txt;Buy;Done;1228299,664270;0,000000;0;0,8111;0,80989;-1486,242594;0;0;0;0;IndexDeviation;IndexDeviationExit
1600;11.04.2025 16:08:00;11.04.2025 16:10:00;11 MyNewBot1tab1;UsdNok.txt;Sell;Done;93443,858909;0,000000;0;10,662;10,6589;289,675963;0;0;0;0;IndexDeviation;IndexDeviationExit
1598;11.04.2025 16:08:00;11.04.2025 16:09:00;13 MyNewBot1tab1;UsdRub.txt;Buy;Done;11927,432344;0,000000;0;83,6505;83,53;-1437,2556;0;0;0;0;IndexDeviation;IndexDeviationExit
1595;11.04.2025 16:07:00;11.04.2025 16:09:00;6 MyNewBot1tab1;UsdInr.txt;Sell;Done;11574,233247;0,000000;0;86,075;86,079;-46,29693;0;0;0;0;IndexDeviation;IndexDeviationExit
1587;10.04.2025 17:18:00;10.04.2025 17:23:00;13 MyNewBot1tab1;UsdRub.txt;Buy;Done;11856,488611;0,000000;0;84,2889;84,307;214,60244;0;0;0;0;IndexDeviation;IndexQuality
1591;10.04.2025 17:19:00;10.04.2025 17:21:00;14 MyNewBot1tab1;UsdSek.txt;Buy;Done;101068,749268;0,000000;0;9,86104;9,8643;329,484123;0;0;0;0;IndexDeviation;IndexQuality
1592;10.04.2025 17:19:00;10.04.2025 17:21:00;12 MyNewBot1tab1;UsdPln.txt;Buy;Done;260179,068399;0,000000;0;3,83028;3,8283;-515,15456;0;0;0;0;IndexDeviation;IndexQuality
1588;10.04.2025 17:19:00;10.04.2025 17:21:00;7 MyNewBot1tab1;UsdJpy.txt;Buy;Done;6881,074607;0,000000;0;144,823;144,837;96,335;0;0;0;0;IndexDeviation;IndexQuality
1593;10.04.2025 17:19:00;10.04.2025 17:21:00;6 MyNewBot1tab1;UsdInr.txt;Sell;Done;11550,580321;0,000000;0;86,276;86,268;92,40464;0;0;0;0;IndexDeviation;IndexQuality
1589;10.04.2025 17:19:00;10.04.2025 17:21:00;5 MyNewBot1tab1;UsdHuf.txt;Buy;Done;2724,046327;0,000000;0;365,84;365,72;-326,886;0;0;0;0;IndexDeviation;IndexQuality
1590;10.04.2025 17:19:00;10.04.2025 17:21:00;3 MyNewBot1tab1;UsdDkk.txt;Buy;Done;148731,223532;0,000000;0;6,70069;6,69802;-397,112367;0;0;0;0;IndexDeviation;IndexQuality
1586;10.04.2025 17:17:00;10.04.2025 17:19:00;17 MyNewBot1tab1;UsdZar.txt;Buy;Done;51323,486248;0,000000;0;19,414;19,4192;266,88213;0;0;0;0;IndexDeviation;IndexDeviationExit
1582;10.04.2025 17:16:00;;16 MyNewBot1tab1;UsdUah.txt;Sell;Done;24135,303989;0,000000;0;41,2751;41,2751;0;0;0;0;0;IndexDeviation;IndexQuality
1585;10.04.2025 16:55:00;10.04.2025 16:57:00;17 MyNewBot1tab1;UsdZar.txt;Sell;Done;51256,847662;0,000000;0;19,4217;19,40325;945,68884;0;0;0;0;IndexDeviation;IndexQuality
1583;10.04.2025 16:54:00;10.04.2025 16:56:00;7 MyNewBot1tab1;UsdJpy.txt;Buy;Done;6876,041122;0,000000;0;144,876;144,833;-295,6698;0;0;0;0;IndexDeviation;IndexQuality
1584;10.04.2025 16:54:00;10.04.2025 16:56:00;5 MyNewBot1tab1;UsdHuf.txt;Buy;Done;2720,336116;0,000000;0;366,21;366,1;-299,237;0;0;0;0;IndexDeviation;IndexQuality
1581;09.04.2025 17:07:00;09.04.2025 17:10:00;14 MyNewBot1tab1;UsdSek.txt;Sell;Done;99925,708189;0,000000;0;9,9955;9,996;-49,962854;0;0;0;0;IndexDeviation;IndexQuality
1579;09.04.2025 17:07:00;09.04.2025 17:10:00;11 MyNewBot1tab1;UsdNok.txt;Sell;Done;91492,831105;0,000000;0;10,91842;10,92926;-991,782289;0;0;0;0;IndexDeviation;IndexQuality
1576;09.04.2025 17:06:00;09.04.2025 17:10:00;6 MyNewBot1tab1;UsdInr.txt;Sell;Done;11531,461793;0,000000;0;86,625;86,637;-138,37754;0;0;0;0;IndexDeviation;IndexQuality
1578;09.04.2025 17:06:00;09.04.2025 17:10:00;5 MyNewBot1tab1;UsdHuf.txt;Buy;Done;2696,162775;0,000000;0;370,49;370,45;-107,847;0;0;0;0;IndexDeviation;IndexQuality
1580;09.04.2025 17:07:00;09.04.2025 17:10:00;0 MyNewBot1tab1;UsdCad.txt;Sell;Done;706211,846559;0,000000;0;1,41449;1,41499;-353,105923;0;0;0;0;IndexDeviation;IndexQuality
1574;09.04.2025 17:06:00;09.04.2025 17:09:00;7 MyNewBot1tab1;UsdJpy.txt;Buy;Done;6892,635029;0,000000;0;144,913;144,882;-213,6717;0;0;0;0;IndexDeviation;IndexDeviationExit
1575;09.04.2025 17:06:00;09.04.2025 17:08:00;3 MyNewBot1tab1;UsdDkk.txt;Buy;Done;147647,654309;0,000000;0;6,76555;6,76255;-442,942963;0;0;0;0;IndexDeviation;IndexDeviationExit
1577;09.04.2025 17:06:00;09.04.2025 17:08:00;1 MyNewBot1tab1;UsdChf.txt;Buy;Done;1190202,612229;0,000000;0;0,83922;0,83887;-416,570914;0;0;0;0;IndexDeviation;IndexDeviationExit
1568;09.04.2025 16:20:00;09.04.2025 17:05:00;16 MyNewBot1tab1;UsdUah.txt;Sell;Done;24318,928679;0,000000;0;41,174;41,174;0;0;0;0;0;IndexDeviation;IndexDeviationExit
1570;09.04.2025 16:20:00;09.04.2025 16:28:00;13 MyNewBot1tab1;UsdRub.txt;Sell;Done;11587,330403;0,000000;0;86,08;86,4107;-3831,93016;0;0;0;0;IndexDeviation;IndexQuality
1573;09.04.2025 16:23:00;09.04.2025 16:25:00;10 MyNewBot1tab1;UsdMxn.txt;Buy;Done;47953,046761;0,000000;0;20,8816;20,8859;206,1981;0;0;0;0;IndexDeviation;IndexQuality
1572;09.04.2025 16:21:00;09.04.2025 16:24:00;1 MyNewBot1tab1;UsdChf.txt;Buy;Done;1193752,392632;0,000000;0;0,83851;0,83843;-95,500191;0;0;0;0;IndexDeviation;IndexQuality
1569;09.04.2025 16:19:00;09.04.2025 16:23:00;11 MyNewBot1tab1;UsdNok.txt;Sell;Done;91470,428264;0,000000;0;10,94748;10,93;1598,903086;0;0;0;0;IndexDeviation;IndexDeviationExit
1571;09.04.2025 16:21:00;09.04.2025 16:23:00;7 MyNewBot1tab1;UsdJpy.txt;Buy;Done;6924,241018;0,000000;0;144,609;144,568;-283,8939;0;0;0;0;IndexDeviation;IndexDeviationExit
1567;09.04.2025 16:05:00;09.04.2025 16:07:00;7 MyNewBot1tab1;UsdJpy.txt;Sell;Done;6927,481094;0,000000;0;144,471;144,533;-429,5038;0;0;0;0;IndexDeviation;IndexQuality
1565;09.04.2025 16:04:00;09.04.2025 16:06:00;14 MyNewBot1tab1;UsdSek.txt;Sell;Done;99536,399957;0,000000;0;10,0075;10,01762;-1007,308368;0;0;0;0;IndexDeviation;IndexQuality
1563;09.04.2025 16:03:00;09.04.2025 16:06:00;3 MyNewBot1tab1;UsdDkk.txt;Buy;Done;147805,306016;0,000000;0;6,74043;6,74855;1200,179085;0;0;0;0;IndexDeviation;IndexQuality
1566;09.04.2025 16:04:00;09.04.2025 16:06:00;1 MyNewBot1tab1;UsdChf.txt;Sell;Done;1189270,583239;0,000000;0;0,83772;0,8379;-214,068705;0;0;0;0;IndexDeviation;IndexQuality
1564;09.04.2025 16:03:00;09.04.2025 16:05:00;17 MyNewBot1tab1;UsdZar.txt;Sell;Done;50325,649834;0,000000;0;19,7946;19,8035;-447,89828;0;0;0;0;IndexDeviation;IndexDeviationExit
1557;09.04.2025 16:02:00;09.04.2025 16:05:00;9 MyNewBot1tab1;UsdMdl.txt;Sell;Done;56606,576874;0,000000;0;17,6;17,6;0;0;0;0;0;IndexDeviation;IndexQuality
1561;09.04.2025 16:02:00;09.04.2025 16:05:00;6 MyNewBot1tab1;UsdInr.txt;Sell;Done;11491,997658;0,000000;0;86,693;86,691;22,984;0;0;0;0;IndexDeviation;IndexDeviationExit
1562;09.04.2025 16:03:00;09.04.2025 16:05:00;5 MyNewBot1tab1;UsdHuf.txt;Buy;Done;2696,937693;0,000000;0;369,35;369,84;1321,499;0;0;0;0;IndexDeviation;IndexDeviationExit
1558;09.04.2025 16:01:00;09.04.2025 16:03:00;15 MyNewBot1tab1;UsdSgd.txt;Sell;Done;740098,171803;0,000000;0;1,34614;1,34565;362,648104;0;0;0;0;IndexDeviation;IndexQuality
1555;09.04.2025 16:02:00;09.04.2025 16:03:00;13 MyNewBot1tab1;UsdRub.txt;Buy;Done;11573,835420;0,000000;0;86,08;86,3963;3660,80414;0;0;0;0;IndexDeviation;IndexQuality
1556;09.04.2025 16:00:00;09.04.2025 16:03:00;11 MyNewBot1tab1;UsdNok.txt;Sell;Done;91133,896176;0,000000;0;10,9323;10,93287;-51,946321;0;0;0;0;IndexDeviation;IndexQuality
1559;09.04.2025 16:01:00;09.04.2025 16:03:00;7 MyNewBot1tab1;UsdJpy.txt;Sell;Done;6899,177681;0,000000;0;144,399;144,313;593,3293;0;0;0;0;IndexDeviation;IndexQuality
1560;09.04.2025 16:01:00;09.04.2025 16:03:00;0 MyNewBot1tab1;UsdCad.txt;Buy;Done;703261,746367;0,000000;0;1,41692;1,41695;21,097852;0;0;0;0;IndexDeviation;IndexQuality
1550;09.04.2025 15:59:00;;2 MyNewBot1tab1;UsdCny.txt;Sell;Done;135720,362077;0,000000;0;7,3493;7,3493;0;0;0;0;0;IndexDeviation;IndexQuality
1553;09.04.2025 15:54:00;09.04.2025 15:57:00;12 MyNewBot1tab1;UsdPln.txt;Buy;Done;257134,298423;0,000000;0;3,879;3,8806;411,41488;0;0;0;0;IndexDeviation;IndexQuality
1554;09.04.2025 15:54:00;09.04.2025 15:57:00;10 MyNewBot1tab1;UsdMxn.txt;Buy;Done;47468,669431;0,000000;0;21,01233;20,9784;-1610,61195;0;0;0;0;IndexDeviation;IndexQuality
1552;09.04.2025 15:54:00;09.04.2025 15:57:00;3 MyNewBot1tab1;UsdDkk.txt;Buy;Done;147857,281544;0,000000;0;6,74591;6,74745;227,700214;0;0;0;0;IndexDeviation;IndexQuality
1551;09.04.2025 15:54:00;09.04.2025 15:56:00;14 MyNewBot1tab1;UsdSek.txt;Buy;Done;99684,158365;0,000000;0;10,00512;10,0062;107,658891;0;0;0;0;IndexDeviation;IndexDeviationExit
1549;09.04.2025 15:54:00;09.04.2025 15:56:00;11 MyNewBot1tab1;UsdNok.txt;Buy;Done;91195,897487;0,000000;0;10,9384;10,935;-310,066051;0;0;0;0;IndexDeviation;IndexDeviationExit
1548;08.04.2025 17:55:00;08.04.2025 17:57:00;0 MyNewBot1tab1;UsdCad.txt;Sell;Done;704242,736716;0,000000;0;1,4188;1,41923;-302,824377;0;0;0;0;IndexDeviation;IndexQuality
1547;08.04.2025 17:54:00;08.04.2025 17:56:00;12 MyNewBot1tab1;UsdPln.txt;Buy;Done;255653,043380;0,000000;0;3,908;3,9062;-460,17548;0;0;0;0;IndexDeviation;IndexQuality
1544;08.04.2025 17:54:00;08.04.2025 17:56:00;7 MyNewBot1tab1;UsdJpy.txt;Buy;Done;6781,602035;0,000000;0;147,343;147,308;-237,3561;0;0;0;0;IndexDeviation;IndexQuality
1543;08.04.2025 17:53:00;08.04.2025 17:56:00;6 MyNewBot1tab1;UsdInr.txt;Buy;Done;11596,527674;0,000000;0;86,173;86,181;92,77222;0;0;0;0;IndexDeviation;IndexQuality
1545;08.04.2025 17:54:00;08.04.2025 17:56:00;5 MyNewBot1tab1;UsdHuf.txt;Buy;Done;2679,291058;0,000000;0;372,94;372,72;-589,444;0;0;0;0;IndexDeviation;IndexQuality
1546;08.04.2025 17:54:00;08.04.2025 17:56:00;3 MyNewBot1tab1;UsdDkk.txt;Buy;Done;146001,003375;0,000000;0;6,84356;6,83997;-524,143602;0;0;0;0;IndexDeviation;IndexQuality
1542;08.04.2025 17:53:00;08.04.2025 17:55:00;11 MyNewBot1tab1;UsdNok.txt;Sell;Done;91436,201225;0,000000;0;10,928;10,9252;256,021363;0;0;0;0;IndexDeviation;IndexDeviationExit
1541;08.04.2025 17:14:00;08.04.2025 17:16:00;6 MyNewBot1tab1;UsdInr.txt;Sell;Done;11594,825280;0,000000;0;86,151;86,144;81,16378;0;0;0;0;IndexDeviation;IndexQuality
1539;08.04.2025 17:13:00;08.04.2025 17:15:00;15 MyNewBot1tab1;UsdSgd.txt;Buy;Done;739321,724042;0,000000;0;1,35008;1,34998;-73,932172;0;0;0;0;IndexDeviation;IndexQuality
1540;08.04.2025 17:13:00;08.04.2025 17:15:00;14 MyNewBot1tab1;UsdSek.txt;Buy;Done;99657,784939;0,000000;0;10,0144;10,0054;-896,920064;0;0;0;0;IndexDeviation;IndexQuality
1534;08.04.2025 17:09:00;08.04.2025 17:15:00;11 MyNewBot1tab1;UsdNok.txt;Buy;Done;91883,006222;0,000000;0;10,8632;10,8618;-128,636209;0;0;0;0;IndexDeviation;IndexQuality
1538;08.04.2025 17:12:00;08.04.2025 17:15:00;3 MyNewBot1tab1;UsdDkk.txt;Sell;Done;145919,301734;0,000000;0;6,84033;6,83508;766,076334;0;0;0;0;IndexDeviation;IndexQuality
1535;08.04.2025 17:10:00;08.04.2025 17:15:00;0 MyNewBot1tab1;UsdCad.txt;Buy;Done;705686,017119;0,000000;0;1,4142;1,41455;246,990106;0;0;0;0;IndexDeviation;IndexQuality
1537;08.04.2025 17:11:00;08.04.2025 17:14:00;5 MyNewBot1tab1;UsdHuf.txt;Sell;Done;2678,932535;0,000000;0;372,59;372,49;267,893;0;0;0;0;IndexDeviation;IndexDeviationExit
1536;08.04.2025 17:10:00;08.04.2025 17:12:00;12 MyNewBot1tab1;UsdPln.txt;Buy;Done;255110,022286;0,000000;0;3,91363;3,9168;808,69877;0;0;0;0;IndexDeviation;IndexDeviationExit
1532;08.04.2025 17:01:00;08.04.2025 17:03:00;17 MyNewBot1tab1;UsdZar.txt;Buy;Done;51292,761311;0,000000;0;19,48301;19,4892;317,50219;0;0;0;0;IndexDeviation;IndexQuality
1531;08.04.2025 17:00:00;08.04.2025 17:03:00;11 MyNewBot1tab1;UsdNok.txt;Sell;Done;91939,837366;0,000000;0;10,8655;10,85903;594,850748;0;0;0;0;IndexDeviation;IndexQuality
1530;08.04.2025 16:59:00;08.04.2025 17:03:00;7 MyNewBot1tab1;UsdJpy.txt;Sell;Done;6780,914047;0,000000;0;147,327;147,43;-698,4341;0;0;0;0;IndexDeviation;IndexQuality
1533;08.04.2025 17:01:00;08.04.2025 17:03:00;1 MyNewBot1tab1;UsdChf.txt;Sell;Done;1167166,513953;0,000000;0;0,85591;0,85679;-1027,106532;0;0;0;0;IndexDeviation;IndexQuality
1529;08.04.2025 16:58:00;08.04.2025 17:00:00;0 MyNewBot1tab1;UsdCad.txt;Sell;Done;705278,636637;0,000000;0;1,41631;1,41634;-21,158359;0;0;0;0;IndexDeviation;IndexDeviationExit
1519;08.04.2025 16:14:00;08.04.2025 16:57:00;16 MyNewBot1tab1;UsdUah.txt;Buy;Done;24267,612776;0,000000;0;41,0807;41,0807;0;0;0;0;0;IndexDeviation;IndexQuality
1522;08.04.2025 16:17:00;08.04.2025 16:57:00;9 MyNewBot1tab1;UsdMdl.txt;Buy;Done;56708,220715;0,000000;0;17,58;17,58;0;0;0;0;0;IndexDeviation;IndexQuality
1525;08.04.2025 16:23:00;;2 MyNewBot1tab1;UsdCny.txt;Sell;Done;135877,132366;0,000000;0;7,3369;7,3369;0;0;0;0;0;IndexDeviation;IndexQuality
1527;08.04.2025 16:20:00;08.04.2025 16:22:00;5 MyNewBot1tab1;UsdHuf.txt;Buy;Done;2688,288864;0,000000;0;371,22;371,24;53,766;0;0;0;0;IndexDeviation;IndexQuality
1528;08.04.2025 16:20:00;08.04.2025 16:22:00;3 MyNewBot1tab1;UsdDkk.txt;Buy;Done;146388,843979;0,000000;0;6,81623;6,81629;8,783331;0;0;0;0;IndexDeviation;IndexQuality
1524;08.04.2025 16:17:00;08.04.2025 16:21:00;11 MyNewBot1tab1;UsdNok.txt;Sell;Done;91654,915893;0,000000;0;10,8768;10,86106;1442,648376;0;0;0;0;IndexDeviation;IndexQuality
1526;08.04.2025 16:19:00;08.04.2025 16:21:00;7 MyNewBot1tab1;UsdJpy.txt;Sell;Done;6785,902474;0,000000;0;146,905;146,959;-366,4387;0;0;0;0;IndexDeviation;IndexQuality
1523;08.04.2025 16:16:00;08.04.2025 16:18:00;17 MyNewBot1tab1;UsdZar.txt;Sell;Done;51450,760728;0,000000;0;19,38091;19,3627;936,91835;0;0;0;0;IndexDeviation;IndexQuality
1521;08.04.2025 16:14:00;08.04.2025 16:18:00;15 MyNewBot1tab1;UsdSgd.txt;Buy;Done;739513,326387;0,000000;0;1,34812;1,3481;-14,790267;0;0;0;0;IndexDeviation;IndexQuality
1520;08.04.2025 16:14:00;08.04.2025 16:17:00;2 MyNewBot1tab1;UsdCny.txt;Buy;Done;135877,132366;0,000000;0;7,337;7,3369;-13,58771;0;0;0;0;IndexDeviation;IndexDeviationExit
1517;08.04.2025 16:04:00;08.04.2025 16:06:00;17 MyNewBot1tab1;UsdZar.txt;Sell;Done;51408,625971;0,000000;0;19,3821;19,3633;966,48217;0;0;0;0;IndexDeviation;IndexQuality
1518;08.04.2025 16:04:00;08.04.2025 16:06:00;0 MyNewBot1tab1;UsdCad.txt;Sell;Done;703319,731091;0,000000;0;1,41672;1,41735;-443,091431;0;0;0;0;IndexDeviation;IndexQuality
1516;08.04.2025 15:56:00;08.04.2025 15:58:00;17 MyNewBot1tab1;UsdZar.txt;Buy;Done;51455,738238;0,000000;0;19,3611;19,36914;413,70414;0;0;0;0;IndexDeviation;IndexDeviationExit
1515;08.04.2025 15:55:00;08.04.2025 15:57:00;0 MyNewBot1tab1;UsdCad.txt;Sell;Done;703623,703865;0,000000;0;1,41587;1,41622;-246,268296;0;0;0;0;IndexDeviation;IndexQuality
1512;07.04.2025 18:01:00;07.04.2025 18:03:00;12 MyNewBot1tab1;UsdPln.txt;Sell;Done;251571,289569;0,000000;0;3,9395;3,933;1635,21338;0;0;0;0;IndexDeviation;TimeFilter
1514;07.04.2025 18:01:00;07.04.2025 18:03:00;10 MyNewBot1tab1;UsdMxn.txt;Buy;Done;48075,258253;0,000000;0;20,624;20,6331;437,48485;0;0;0;0;IndexDeviation;TimeFilter
1511;07.04.2025 18:01:00;07.04.2025 18:03:00;3 MyNewBot1tab1;UsdDkk.txt;Sell;Done;144924,544886;0,000000;0;6,8338;6,83574;-281,153617;0;0;0;0;IndexDeviation;TimeFilter
1513;07.04.2025 18:01:00;07.04.2025 18:03:00;1 MyNewBot1tab1;UsdChf.txt;Sell;Done;1150991,206454;0,000000;0;0,86186;0,86129;656,064988;0;0;0;0;IndexDeviation;TimeFilter
1507;07.04.2025 17:59:00;07.04.2025 18:02:00;17 MyNewBot1tab1;UsdZar.txt;Sell;Done;50673,160665;0,000000;0;19,5704;19,56051;501,15756;0;0;0;0;IndexDeviation;TimeFilter
1508;07.04.2025 17:59:00;07.04.2025 18:02:00;15 MyNewBot1tab1;UsdSgd.txt;Buy;Done;735116,360259;0,000000;0;1,34923;1,34897;-191,130254;0;0;0;0;IndexDeviation;TimeFilter
1509;07.04.2025 17:59:00;07.04.2025 18:02:00;14 MyNewBot1tab1;UsdSek.txt;Buy;Done;98944,402776;0,000000;0;10,02419;10,04076;1639,508754;0;0;0;0;IndexDeviation;TimeFilter
1506;07.04.2025 17:59:00;07.04.2025 18:02:00;5 MyNewBot1tab1;UsdHuf.txt;Sell;Done;2653,574932;0,000000;0;373,7;373,87;-451,108;0;0;0;0;IndexDeviation;TimeFilter
1510;07.04.2025 18:00:00;07.04.2025 18:02:00;0 MyNewBot1tab1;UsdCad.txt;Sell;Done;697246,729579;0,000000;0;1,42248;1,42162;599,632187;0;0;0;0;IndexDeviation;TimeFilter
1504;07.04.2025 17:53:00;07.04.2025 17:55:00;14 MyNewBot1tab1;UsdSek.txt;Buy;Done;98507,154438;0,000000;0;10,0467;10,0415;-512,237203;0;0;0;0;IndexDeviation;IndexQuality
1505;07.04.2025 17:53:00;07.04.2025 17:55:00;6 MyNewBot1tab1;UsdInr.txt;Buy;Done;11538,668209;0,000000;0;85,792;85,799;80,77068;0;0;0;0;IndexDeviation;IndexQuality
1503;07.04.2025 17:53:00;07.04.2025 17:55:00;5 MyNewBot1tab1;UsdHuf.txt;Buy;Done;2657,675588;0,000000;0;372,627;372,96;885,006;0;0;0;0;IndexDeviation;IndexQuality
1501;07.04.2025 17:52:00;07.04.2025 17:54:00;15 MyNewBot1tab1;UsdSgd.txt;Buy;Done;734245,434970;0,000000;0;1,34841;1,3489;359,780263;0;0;0;0;IndexDeviation;IndexQuality
1499;07.04.2025 17:51:00;07.04.2025 17:54:00;11 MyNewBot1tab1;UsdNok.txt;Buy;Done;90674,324975;0,000000;0;10,91935;10,9129;-584,849396;0;0;0;0;IndexDeviation;IndexQuality
1502;07.04.2025 17:52:00;07.04.2025 17:54:00;0 MyNewBot1tab1;UsdCad.txt;Buy;Done;697178,992302;0,000000;0;1,4201;1,4205;278,871597;0;0;0;0;IndexDeviation;IndexQuality
1498;07.04.2025 17:51:00;07.04.2025 17:53:00;7 MyNewBot1tab1;UsdJpy.txt;Sell;Done;6713,936194;0,000000;0;147,467;147,406;409,5501;0;0;0;0;IndexDeviation;IndexDeviationExit
1500;07.04.2025 17:51:00;07.04.2025 17:53:00;1 MyNewBot1tab1;UsdChf.txt;Sell;Done;1150394,347128;0,000000;0;0,8606;0,85998;713,244495;0;0;0;0;IndexDeviation;IndexDeviationExit
1497;07.04.2025 17:41:00;07.04.2025 17:43:00;1 MyNewBot1tab1;UsdChf.txt;Sell;Done;1152579,159962;0,000000;0;0,85863;0,85934;-818,331204;0;0;0;0;IndexDeviation;IndexQuality
1495;07.04.2025 17:38:00;07.04.2025 17:42:00;15 MyNewBot1tab1;UsdSgd.txt;Sell;Done;738802,377595;0,000000;0;1,34831;1,34844;-96,044309;0;0;0;0;IndexDeviation;IndexQuality
1496;07.04.2025 17:38:00;07.04.2025 17:40:00;10 MyNewBot1tab1;UsdMxn.txt;Sell;Done;48070,371795;0,000000;0;20,72938;20,702;1316,16678;0;0;0;0;IndexDeviation;IndexDeviationExit
1486;07.04.2025 17:35:00;07.04.2025 17:39:00;17 MyNewBot1tab1;UsdZar.txt;Sell;Done;51105,866918;0,000000;0;19,4084;19,4727;-3286,10724;0;0;0;0;IndexDeviation;IndexQuality
1492;07.04.2025 17:37:00;07.04.2025 17:39:00;14 MyNewBot1tab1;UsdSek.txt;Sell;Done;98950,189242;0,000000;0;10,04494;10,05342;-839,097605;0;0;0;0;IndexDeviation;IndexQuality
1493;07.04.2025 17:37:00;07.04.2025 17:39:00;12 MyNewBot1tab1;UsdPln.txt;Sell;Done;253337,902895;0,000000;0;3,92155;3,92859;-1783,49884;0;0;0;0;IndexDeviation;IndexQuality
1490;07.04.2025 17:37:00;07.04.2025 17:39:00;11 MyNewBot1tab1;UsdNok.txt;Sell;Done;91164,675832;0,000000;0;10,90223;10,92181;-1785,004353;0;0;0;0;IndexDeviation;IndexQuality
1488;07.04.2025 17:36:00;07.04.2025 17:39:00;7 MyNewBot1tab1;UsdJpy.txt;Buy;Done;6747,074553;0,000000;0;146,98;147,105;843,3843;0;0;0;0;IndexDeviation;IndexQuality
1491;07.04.2025 17:37:00;07.04.2025 17:39:00;5 MyNewBot1tab1;UsdHuf.txt;Sell;Done;2667,743237;0,000000;0;372,73;373;-720,291;0;0;0;0;IndexDeviation;IndexQuality
1487;07.04.2025 17:35:00;07.04.2025 17:39:00;3 MyNewBot1tab1;UsdDkk.txt;Buy;Done;145504,989145;0,000000;0;6,81564;6,82386;1196,051011;0;0;0;0;IndexDeviation;IndexQuality
1494;07.04.2025 17:37:00;07.04.2025 17:39:00;1 MyNewBot1tab1;UsdChf.txt;Buy;Done;1158187,021012;0,000000;0;0,85782;0,8581;324,292366;0;0;0;0;IndexDeviation;IndexQuality
1489;07.04.2025 17:36:00;07.04.2025 17:39:00;0 MyNewBot1tab1;UsdCad.txt;Sell;Done;697034,095285;0,000000;0;1,42331;1,42399;-473,983185;0;0;0;0;IndexDeviation;IndexQuality
1482;07.04.2025 17:35:00;07.04.2025 17:38:00;2 MyNewBot1tab1;UsdCny.txt;Sell;Done;135708,749667;0,000000;0;7,3076;7,3076;0;0;0;0;0;IndexDeviation;IndexQuality
1485;07.04.2025 17:34:00;07.04.2025 17:36:00;10 MyNewBot1tab1;UsdMxn.txt;Buy;Done;48128,882955;0,000000;0;20,6136;20,6602;2242,80595;0;0;0;0;IndexDeviation;IndexQuality
1484;07.04.2025 17:34:00;07.04.2025 17:36:00;6 MyNewBot1tab1;UsdInr.txt;Buy;Done;11564,131897;0,000000;0;85,736;85,791;636,02725;0;0;0;0;IndexDeviation;IndexQuality
1483;07.04.2025 17:33:00;07.04.2025 17:35:00;1 MyNewBot1tab1;UsdChf.txt;Sell;Done;1152703,333683;0,000000;0;0,86047;0,85908;1602,257634;0;0;0;0;IndexDeviation;IndexDeviationExit
1465;07.04.2025 17:25:00;07.04.2025 17:32:00;2 MyNewBot1tab1;UsdCny.txt;Sell;Done;134463,195184;0,000000;0;7,3076;7,3076;0;0;0;0;0;IndexDeviation;IndexQuality
1480;07.04.2025 17:28:00;07.04.2025 17:30:00;15 MyNewBot1tab1;UsdSgd.txt;Sell;Done;735799,004145;0,000000;0;1,34735;1,34724;80,93789;0;0;0;0;IndexDeviation;IndexQuality
1479;07.04.2025 17:28:00;07.04.2025 17:30:00;11 MyNewBot1tab1;UsdNok.txt;Sell;Done;91272,027389;0,000000;0;10,8614;10,86621;-439,018452;0;0;0;0;IndexDeviation;IndexQuality
1481;07.04.2025 17:28:00;07.04.2025 17:30:00;5 MyNewBot1tab1;UsdHuf.txt;Buy;Done;2669,418634;0,000000;0;371,27;371,39;320,33;0;0;0;0;IndexDeviation;IndexQuality
1471;07.04.2025 17:23:00;07.04.2025 17:28:00;13 MyNewBot1tab1;UsdRub.txt;Buy;Done;11428,276868;0,000000;0;86,324;86,3397;179,42395;0;0;0;0;IndexDeviation;IndexQuality
1478;07.04.2025 17:25:00;07.04.2025 17:28:00;6 MyNewBot1tab1;UsdInr.txt;Sell;Done;11457,460211;0,000000;0;85,783;85,748;401,01111;0;0;0;0;IndexDeviation;IndexDeviationExit
1474;07.04.2025 17:24:00;07.04.2025 17:26:00;15 MyNewBot1tab1;UsdSgd.txt;Sell;Done;729670,324009;0,000000;0;1,34664;1,34689;-182,417581;0;0;0;0;IndexDeviation;IndexQuality
1476;07.04.2025 17:24:00;07.04.2025 17:26:00;14 MyNewBot1tab1;UsdSek.txt;Buy;Done;98360,652378;0,000000;0;9,9923;10,0034;1091,803241;0;0;0;0;IndexDeviation;IndexQuality
1472;07.04.2025 17:23:00;07.04.2025 17:26:00;12 MyNewBot1tab1;UsdPln.txt;Buy;Done;252181,686507;0,000000;0;3,8966;3,9214;6254,10583;0;0;0;0;IndexDeviation;IndexQuality
1466;07.04.2025 17:23:00;07.04.2025 17:26:00;11 MyNewBot1tab1;UsdNok.txt;Buy;Done;90879,122207;0,000000;0;10,8122;10,8585;4207,703358;0;0;0;0;IndexDeviation;IndexQuality
1470;07.04.2025 17:23:00;07.04.2025 17:26:00;10 MyNewBot1tab1;UsdMxn.txt;Sell;Done;47740,902008;0,000000;0;20,5974;20,6191;-1035,97757;0;0;0;0;IndexDeviation;IndexQuality
1473;07.04.2025 17:24:00;07.04.2025 17:26:00;7 MyNewBot1tab1;UsdJpy.txt;Buy;Done;6679,286837;0,000000;0;147,112;147,181;460,8708;0;0;0;0;IndexDeviation;IndexQuality
1475;07.04.2025 17:24:00;07.04.2025 17:26:00;5 MyNewBot1tab1;UsdHuf.txt;Sell;Done;2650,312192;0,000000;0;370,75;371,665;-2425,036;0;0;0;0;IndexDeviation;IndexQuality
1469;07.04.2025 17:23:00;07.04.2025 17:26:00;3 MyNewBot1tab1;UsdDkk.txt;Buy;Done;144388,788250;0,000000;0;6,80543;6,81731;1715,338804;0;0;0;0;IndexDeviation;IndexQuality
1477;07.04.2025 17:24:00;07.04.2025 17:26:00;1 MyNewBot1tab1;UsdChf.txt;Buy;Done;1144038,520793;0,000000;0;0,85888;0,85997;1247,001988;0;0;0;0;IndexDeviation;IndexQuality
1468;07.04.2025 17:23:00;07.04.2025 17:26:00;0 MyNewBot1tab1;UsdCad.txt;Sell;Done;691477,421235;0,000000;0;1,42101;1,42263;-1120,193422;0;0;0;0;IndexDeviation;IndexQuality
1467;07.04.2025 17:23:00;07.04.2025 17:25:00;17 MyNewBot1tab1;UsdZar.txt;Sell;Done;50778,954923;0,000000;0;19,35481;19,38738;-1653,87056;0;0;0;0;IndexDeviation;IndexDeviationExit
1457;07.04.2025 17:22:00;;16 MyNewBot1tab1;UsdUah.txt;Buy;Done;23901,717482;0,000000;0;41,1941;41,1941;0;0;0;0;0;IndexDeviation;IndexQuality
1459;07.04.2025 17:22:00;;9 MyNewBot1tab1;UsdMdl.txt;Sell;Done;55934,200997;0,000000;0;17,603;17,603;0;0;0;0;0;IndexDeviation;IndexQuality
1458;07.04.2025 16:38:00;07.04.2025 16:43:00;13 MyNewBot1tab1;UsdRub.txt;Buy;Done;11451,613633;0,000000;0;86,5105;86,5148;49,24194;0;0;0;0;IndexDeviation;IndexQuality
1462;07.04.2025 16:37:00;07.04.2025 16:39:00;11 MyNewBot1tab1;UsdNok.txt;Sell;Done;90176,033156;0,000000;0;10,92193;10,92524;-298,48267;0;0;0;0;IndexDeviation;IndexQuality
1461;07.04.2025 16:36:00;07.04.2025 16:39:00;10 MyNewBot1tab1;UsdMxn.txt;Sell;Done;47457,246974;0,000000;0;20,744;20,7878;-2078,62742;0;0;0;0;IndexDeviation;IndexQuality
1460;07.04.2025 16:36:00;07.04.2025 16:39:00;7 MyNewBot1tab1;UsdJpy.txt;Buy;Done;6706,374195;0,000000;0;146,807;146,727;-536,5099;0;0;0;0;IndexDeviation;IndexQuality
1463;07.04.2025 16:37:00;07.04.2025 16:39:00;6 MyNewBot1tab1;UsdInr.txt;Sell;Done;11479,060792;0,000000;0;85,806;85,82;-160,70685;0;0;0;0;IndexDeviation;IndexQuality
1464;07.04.2025 16:37:00;07.04.2025 16:39:00;1 MyNewBot1tab1;UsdChf.txt;Buy;Done;1151757,887795;0,000000;0;0,85554;0,85599;518,29105;0;0;0;0;IndexDeviation;IndexQuality
1456;07.04.2025 16:33:00;07.04.2025 16:35:00;17 MyNewBot1tab1;UsdZar.txt;Buy;Done;51084,193412;0,000000;0;19,3916;19,395;173,68626;0;0;0;0;IndexDeviation;IndexQuality
1453;07.04.2025 16:33:00;07.04.2025 16:35:00;13 MyNewBot1tab1;UsdRub.txt;Buy;Done;11521,333391;0,000000;0;86,522;85,98;-6244,5627;0;0;0;0;IndexDeviation;IndexQuality
1455;07.04.2025 16:33:00;07.04.2025 16:35:00;11 MyNewBot1tab1;UsdNok.txt;Sell;Done;90725,724376;0,000000;0;10,9198;10,9162;326,612608;0;0;0;0;IndexDeviation;IndexQuality
1452;07.04.2025 16:35:00;;2 MyNewBot1tab1;UsdCny.txt;Buy;Done;135558,082678;0,000000;0;7,3076;7,3076;0;0;0;0;0;IndexDeviation;IndexQuality
1454;07.04.2025 16:32:00;07.04.2025 16:34:00;0 MyNewBot1tab1;UsdCad.txt;Sell;Done;694605,189514;0,000000;0;1,42605;1,42569;250,057868;0;0;0;0;IndexDeviation;IndexQuality
1450;07.04.2025 16:23:00;07.04.2025 16:28:00;13 MyNewBot1tab1;UsdRub.txt;Buy;Done;11526,957866;0,000000;0;86,5339;86,4943;-456,46753;0;0;0;0;IndexDeviation;IndexQuality
1451;07.04.2025 16:23:00;07.04.2025 16:27:00;2 MyNewBot1tab1;UsdCny.txt;Sell;Done;135624,259313;0,000000;0;7,3076;7,3078;-27,12485;0;0;0;0;IndexDeviation;IndexQuality
1443;04.04.2025 16:53:00;04.04.2025 16:58:00;13 MyNewBot1tab1;UsdRub.txt;Buy;Done;11729,482234;0,000000;0;85,226;84,5;-8515,6041;0;0;0;0;IndexDeviation;IndexQuality
1446;04.04.2025 16:54:00;04.04.2025 16:57:00;12 MyNewBot1tab1;UsdPln.txt;Sell;Done;258963,699714;0,000000;0;3,8599;3,8598;25,89637;0;0;0;0;IndexDeviation;IndexQuality
1447;04.04.2025 16:55:00;04.04.2025 16:57:00;11 MyNewBot1tab1;UsdNok.txt;Sell;Done;93772,921552;0,000000;0;10,66194;10,65886;288,820598;0;0;0;0;IndexDeviation;IndexQuality
1449;04.04.2025 16:55:00;04.04.2025 16:57:00;10 MyNewBot1tab1;UsdMxn.txt;Sell;Done;48839,986951;0,000000;0;20,4739;20,4641;478,63187;0;0;0;0;IndexDeviation;IndexQuality
1445;04.04.2025 16:54:00;04.04.2025 16:57:00;5 MyNewBot1tab1;UsdHuf.txt;Sell;Done;2719,636676;0,000000;0;367,57;367,928;-973,63;0;0;0;0;IndexDeviation;IndexQuality
1448;04.04.2025 16:55:00;04.04.2025 16:57:00;0 MyNewBot1tab1;UsdCad.txt;Sell;Done;703117,181578;0,000000;0;1,42175;1,42132;302,340388;0;0;0;0;IndexDeviation;IndexQuality
1444;04.04.2025 16:53:00;04.04.2025 16:55:00;6 MyNewBot1tab1;UsdInr.txt;Sell;Done;11698,049885;0,000000;0;85,455;85,47;-175,47075;0;0;0;0;IndexDeviation;IndexDeviationExit
1435;04.04.2025 16:34:00;04.04.2025 16:40:00;13 MyNewBot1tab1;UsdRub.txt;Buy;Done;11675,512652;0,000000;0;84,83;85,5001;7823,76103;0;0;0;0;IndexDeviation;IndexQuality
1442;04.04.2025 16:37:00;04.04.2025 16:39:00;1 MyNewBot1tab1;UsdChf.txt;Buy;Done;1164065,791738;0,000000;0;0,85077;0,85059;-209,531843;0;0;0;0;IndexDeviation;IndexQuality
1439;04.04.2025 16:35:00;04.04.2025 16:38:00;15 MyNewBot1tab1;UsdSgd.txt;Sell;Done;739742,427117;0,000000;0;1,33889;1,33835;399,460911;0;0;0;0;IndexDeviation;IndexQuality
1436;04.04.2025 16:34:00;04.04.2025 16:38:00;12 MyNewBot1tab1;UsdPln.txt;Sell;Done;256868,545631;0,000000;0;3,85568;3,8551;148,98376;0;0;0;0;IndexDeviation;IndexQuality
1440;04.04.2025 16:35:00;04.04.2025 16:38:00;7 MyNewBot1tab1;UsdJpy.txt;Sell;Done;6811,036875;0,000000;0;145,41;145,25;1089,7659;0;0;0;0;IndexDeviation;IndexQuality
1437;04.04.2025 16:34:00;04.04.2025 16:37:00;6 MyNewBot1tab1;UsdInr.txt;Sell;Done;11595,276564;0,000000;0;85,417;85,433;-185,52443;0;0;0;0;IndexDeviation;IndexDeviationExit
1441;04.04.2025 16:35:00;04.04.2025 16:37:00;5 MyNewBot1tab1;UsdHuf.txt;Sell;Done;2696,261021;0,000000;0;367,336;367,188;399,047;0;0;0;0;IndexDeviation;IndexDeviationExit
1438;04.04.2025 16:34:00;04.04.2025 16:36:00;10 MyNewBot1tab1;UsdMxn.txt;Sell;Done;48569,458396;0,000000;0;20,393;20,398;-242,84729;0;0;0;0;IndexDeviation;IndexDeviationExit
1425;04.04.2025 16:09:00;04.04.2025 16:33:00;2 MyNewBot1tab1;UsdCny.txt;Sell;Done;135287,830415;0,000000;0;7,2808;7,2808;0;0;0;0;0;IndexDeviation;IndexDeviationExit
1431;04.04.2025 16:09:00;04.04.2025 16:13:00;12 MyNewBot1tab1;UsdPln.txt;Sell;Done;255710,271126;0,000000;0;3,85213;3,8498;595,80493;0;0;0;0;IndexDeviation;IndexQuality
1428;04.04.2025 16:09:00;04.04.2025 16:13:00;11 MyNewBot1tab1;UsdNok.txt;Sell;Done;92952,230816;0,000000;0;10,5956;10,5958;-18,590446;0;0;0;0;IndexDeviation;IndexQuality
1434;04.04.2025 16:10:00;04.04.2025 16:13:00;10 MyNewBot1tab1;UsdMxn.txt;Buy;Done;48454,796303;0,000000;0;20,3283;20,3621;1637,77212;0;0;0;0;IndexDeviation;IndexQuality
1433;04.04.2025 16:10:00;04.04.2025 16:13:00;5 MyNewBot1tab1;UsdHuf.txt;Buy;Done;2691,487378;0,000000;0;365,97;365,32;-1749,467;0;0;0;0;IndexDeviation;IndexQuality
1430;04.04.2025 16:09:00;04.04.2025 16:13:00;3 MyNewBot1tab1;UsdDkk.txt;Sell;Done;145564,171497;0,000000;0;6,76675;6,76377;433,781231;0;0;0;0;IndexDeviation;IndexQuality
1429;04.04.2025 16:09:00;04.04.2025 16:12:00;17 MyNewBot1tab1;UsdZar.txt;Sell;Done;51681,865225;0,000000;0;19,05898;19,03087;1452,77723;0;0;0;0;IndexDeviation;IndexDeviationExit
1432;04.04.2025 16:10:00;04.04.2025 16:12:00;15 MyNewBot1tab1;UsdSgd.txt;Buy;Done;736440,304209;0,000000;0;1,33754;1,33735;-139,923658;0;0;0;0;IndexDeviation;IndexDeviationExit
1427;04.04.2025 16:08:00;04.04.2025 16:11:00;0 MyNewBot1tab1;UsdCad.txt;Buy;Done;693825,773374;0,000000;0;1,41967;1,41953;-97,135608;0;0;0;0;IndexDeviation;IndexDeviationExit
1426;04.04.2025 16:09:00;04.04.2025 16:10:00;13 MyNewBot1tab1;UsdRub.txt;Buy;Done;11611,501069;0,000000;0;84,83;85,1155;3315,08356;0;0;0;0;IndexDeviation;IndexDeviationExit
1414;04.04.2025 16:07:00;;2 MyNewBot1tab1;UsdCny.txt;Sell;Done;134081,782929;0,000000;0;7,2808;7,2808;0;0;0;0;0;IndexDeviation;IndexQuality
1413;04.04.2025 15:45:00;04.04.2025 15:50:00;13 MyNewBot1tab1;UsdRub.txt;Buy;Done;11507,988272;0,000000;0;85,2009;85,1566;-509,80388;0;0;0;0;IndexDeviation;IndexQuality
1422;04.04.2025 15:45:00;04.04.2025 15:47:00;14 MyNewBot1tab1;UsdSek.txt;Sell;Done;98332,223166;0,000000;0;9,92828;9,91597;1210,469667;0;0;0;0;IndexDeviation;IndexQuality
1423;04.04.2025 15:45:00;04.04.2025 15:47:00;12 MyNewBot1tab1;UsdPln.txt;Sell;Done;252948,049985;0,000000;0;3,8587;3,854;1188,85583;0;0;0;0;IndexDeviation;IndexQuality
1421;04.04.2025 15:45:00;04.04.2025 15:47:00;3 MyNewBot1tab1;UsdDkk.txt;Sell;Done;144291,675434;0,000000;0;6,76562;6,75765;1150,004653;0;0;0;0;IndexDeviation;IndexQuality
1424;04.04.2025 15:45:00;04.04.2025 15:47:00;1 MyNewBot1tab1;UsdChf.txt;Sell;Done;1145559,207152;0,000000;0;0,8519;0,85119;813,347037;0;0;0;0;IndexDeviation;IndexQuality
1419;04.04.2025 15:44:00;04.04.2025 15:46:00;15 MyNewBot1tab1;UsdSgd.txt;Buy;Done;729269,958951;0,000000;0;1,33871;1,33904;240,659086;0;0;0;0;IndexDeviation;IndexQuality
1416;04.04.2025 15:43:00;04.04.2025 15:46:00;11 MyNewBot1tab1;UsdNok.txt;Buy;Done;92248,860632;0,000000;0;10,58116;10,58634;477,849098;0;0;0;0;IndexDeviation;IndexQuality
1417;04.04.2025 15:43:00;04.04.2025 15:46:00;10 MyNewBot1tab1;UsdMxn.txt;Sell;Done;47943,404578;0,000000;0;20,36227;20,333;1403,30345;0;0;0;0;IndexDeviation;IndexQuality
1418;04.04.2025 15:44:00;04.04.2025 15:46:00;7 MyNewBot1tab1;UsdJpy.txt;Buy;Done;6720,288061;0,000000;0;145,27;145,51;1612,8691;0;0;0;0;IndexDeviation;IndexQuality
1420;04.04.2025 15:44:00;04.04.2025 15:46:00;5 MyNewBot1tab1;UsdHuf.txt;Buy;Done;2662,669877;0,000000;0;366,633;366,87;631,053;0;0;0;0;IndexDeviation;IndexQuality
1415;04.04.2025 15:43:00;04.04.2025 15:46:00;0 MyNewBot1tab1;UsdCad.txt;Sell;Done;685833,769013;0,000000;0;1,42341;1,42259;562,383691;0;0;0;0;IndexDeviation;IndexQuality
1397;04.04.2025 15:32:00;04.04.2025 15:42:00;16 MyNewBot1tab1;UsdUah.txt;Sell;Done;23670,759781;0,000000;0;41,3426;41,3426;0;0;0;0;0;IndexDeviation;IndexQuality
1402;04.04.2025 15:32:00;04.04.2025 15:42:00;9 MyNewBot1tab1;UsdMdl.txt;Buy;Done;55952,587382;0,000000;0;17,49;17,48;-559,5259;0;0;0;0;IndexDeviation;IndexQuality
1399;04.04.2025 15:32:00;04.04.2025 15:42:00;2 MyNewBot1tab1;UsdCny.txt;Buy;Done;134409,783719;0,000000;0;7,2808;7,2808;0;0;0;0;0;IndexDeviation;IndexQuality
1398;04.04.2025 15:32:00;04.04.2025 15:40:00;13 MyNewBot1tab1;UsdRub.txt;Buy;Done;11536,139966;0,000000;0;84,83;85,1196;3340,86613;0;0;0;0;IndexDeviation;IndexQuality
1401;04.04.2025 15:32:00;04.04.2025 15:36:00;17 MyNewBot1tab1;UsdZar.txt;Sell;Done;51294,442026;0,000000;0;19,0781;19,06416;715,04452;0;0;0;0;IndexDeviation;IndexQuality
1400;04.04.2025 15:32:00;04.04.2025 15:36:00;15 MyNewBot1tab1;UsdSgd.txt;Sell;Done;731567,667625;0,000000;0;1,33769;1,33845;-555,991427;0;0;0;0;IndexDeviation;IndexQuality
1404;04.04.2025 15:32:00;04.04.2025 15:36:00;14 MyNewBot1tab1;UsdSek.txt;Sell;Done;98762,779507;0,000000;0;9,9087;9,91706;-825,656837;0;0;0;0;IndexDeviation;IndexQuality
1408;04.04.2025 15:33:00;04.04.2025 15:36:00;12 MyNewBot1tab1;UsdPln.txt;Sell;Done;254501,250466;0,000000;0;3,844;3,85063;-1687,34329;0;0;0;0;IndexDeviation;IndexQuality
1410;04.04.2025 15:34:00;04.04.2025 15:36:00;11 MyNewBot1tab1;UsdNok.txt;Buy;Done;92718,885918;0,000000;0;10,5546;10,56972;1401,909555;0;0;0;0;IndexDeviation;IndexQuality
1403;04.04.2025 15:32:00;04.04.2025 15:36:00;10 MyNewBot1tab1;UsdMxn.txt;Sell;Done;48095,834458;0,000000;0;20,34767;20,3173;1460,67049;0;0;0;0;IndexDeviation;IndexQuality
1411;04.04.2025 15:34:00;04.04.2025 15:36:00;7 MyNewBot1tab1;UsdJpy.txt;Sell;Done;6729,038192;0,000000;0;145,426;145,533;-720,0071;0;0;0;0;IndexDeviation;IndexQuality
1412;04.04.2025 15:34:00;04.04.2025 15:36:00;6 MyNewBot1tab1;UsdInr.txt;Sell;Done;11467,064521;0,000000;0;85,335;85,349;-160,5389;0;0;0;0;IndexDeviation;IndexQuality
1406;04.04.2025 15:33:00;04.04.2025 15:36:00;5 MyNewBot1tab1;UsdHuf.txt;Sell;Done;2674,238272;0,000000;0;365,94;366,411;-1259,566;0;0;0;0;IndexDeviation;IndexQuality
1407;04.04.2025 15:33:00;04.04.2025 15:36:00;3 MyNewBot1tab1;UsdDkk.txt;Sell;Done;145149,679818;0,000000;0;6,74241;6,75033;-1149,585464;0;0;0;0;IndexDeviation;IndexQuality
1409;04.04.2025 15:33:00;04.04.2025 15:36:00;1 MyNewBot1tab1;UsdChf.txt;Sell;Done;1149764,731190;0,000000;0;0,85118;0,85192;-850,825901;0;0;0;0;IndexDeviation;IndexQuality
1405;04.04.2025 15:32:00;04.04.2025 15:36:00;0 MyNewBot1tab1;UsdCad.txt;Sell;Done;689487,824047;0,000000;0;1,41919;1,42142;-1537,557848;0;0;0;0;IndexDeviation;IndexQuality
1396;04.04.2025 15:22:00;04.04.2025 15:26:00;8 MyNewBot1tab1;UsdKzt.txt;Sell;Done;1917,822342;0,000000;0;510,33;510,33;0;0;0;0;0;IndexDeviation;IndexQuality
1395;04.04.2025 15:25:00;;13 MyNewBot1tab1;UsdRub.txt;Sell;Done;11511,278443;0,000000;0;85,1358;85,1358;0;0;0;0;0;IndexDeviation;IndexQuality
1392;04.04.2025 15:19:00;04.04.2025 15:23:00;12 MyNewBot1tab1;UsdPln.txt;Buy;Done;254100,247229;0,000000;0;3,85182;3,8441;-1961,65391;0;0;0;0;IndexDeviation;IndexQuality
1394;04.04.2025 15:20:00;04.04.2025 15:23:00;1 MyNewBot1tab1;UsdChf.txt;Buy;Done;1151988,124651;0,000000;0;0,84943;0,84974;357,116319;0;0;0;0;IndexDeviation;IndexQuality
1389;04.04.2025 15:17:00;04.04.2025 15:22:00;14 MyNewBot1tab1;UsdSek.txt;Buy;Done;98749,411911;0,000000;0;9,9089;9,913;404,872589;0;0;0;0;IndexDeviation;IndexDeviationExit
1391;04.04.2025 15:19:00;04.04.2025 15:22:00;0 MyNewBot1tab1;UsdCad.txt;Buy;Done;689843,202752;0,000000;0;1,41863;1,41906;296,632577;0;0;0;0;IndexDeviation;IndexDeviationExit
1385;04.04.2025 15:17:00;04.04.2025 15:21:00;11 MyNewBot1tab1;UsdNok.txt;Buy;Done;92653,796903;0,000000;0;10,5618;10,5702;778,291894;0;0;0;0;IndexDeviation;IndexDeviationExit
1393;04.04.2025 15:19:00;04.04.2025 15:21:00;10 MyNewBot1tab1;UsdMxn.txt;Buy;Done;47997,433449;0,000000;0;20,3869;20,4022;734,36073;0;0;0;0;IndexDeviation;IndexDeviationExit
1388;04.04.2025 15:17:00;04.04.2025 15:21:00;5 MyNewBot1tab1;UsdHuf.txt;Buy;Done;2670,899512;0,000000;0;366,39;366,12;-721,143;0;0;0;0;IndexDeviation;IndexDeviationExit
1386;04.04.2025 15:17:00;04.04.2025 15:19:00;15 MyNewBot1tab1;UsdSgd.txt;Buy;Done;731334,119624;0,000000;0;1,33814;1,33791;-168,206848;0;0;0;0;IndexDeviation;IndexDeviationExit
1387;04.04.2025 15:17:00;04.04.2025 15:19:00;7 MyNewBot1tab1;UsdJpy.txt;Sell;Done;6734,643700;0,000000;0;145,299;145,246;356,9361;0;0;0;0;IndexDeviation;IndexDeviationExit
1390;04.04.2025 15:17:00;04.04.2025 15:19:00;6 MyNewBot1tab1;UsdInr.txt;Buy;Done;11465,085082;0,000000;0;85,333;85,328;-57,32543;0;0;0;0;IndexDeviation;IndexDeviationExit
1383;03.04.2025 17:37:00;03.04.2025 17:39:00;17 MyNewBot1tab1;UsdZar.txt;Buy;Done;52448,856402;0,000000;0;18,71435;18,70516;-482,00499;0;0;0;0;IndexDeviation;IndexQuality
1380;03.04.2025 17:36:00;03.04.2025 17:39:00;15 MyNewBot1tab1;UsdSgd.txt;Buy;Done;736370,785971;0,000000;0;1,33297;1,33231;-486,004719;0;0;0;0;IndexDeviation;IndexQuality
1382;03.04.2025 17:36:00;03.04.2025 17:39:00;14 MyNewBot1tab1;UsdSek.txt;Buy;Done;101323,093945;0,000000;0;9,68946;9,6821;-745,737971;0;0;0;0;IndexDeviation;IndexQuality
1379;03.04.2025 17:36:00;03.04.2025 17:39:00;7 MyNewBot1tab1;UsdJpy.txt;Buy;Done;6740,748965;0,000000;0;145,624;145,539;-572,9637;0;0;0;0;IndexDeviation;IndexQuality
1384;03.04.2025 17:37:00;03.04.2025 17:39:00;6 MyNewBot1tab1;UsdInr.txt;Buy;Done;11517,640867;0,000000;0;85,23;85,21;-230,35282;0;0;0;0;IndexDeviation;IndexQuality
1381;03.04.2025 17:36:00;03.04.2025 17:39:00;3 MyNewBot1tab1;UsdDkk.txt;Buy;Done;146106,697725;0,000000;0;6,71855;6,71485;-540,594782;0;0;0;0;IndexDeviation;IndexQuality
1378;03.04.2025 17:35:00;;8 MyNewBot1tab1;UsdKzt.txt;Buy;Done;1956,601561;0,000000;0;501,68;501,68;0;0;0;0;0;IndexDeviation;IndexQuality
1377;03.04.2025 17:35:00;;2 MyNewBot1tab1;UsdCny.txt;Buy;Done;134818,683518;0,000000;0;7,2808;7,2808;0;0;0;0;0;IndexDeviation;IndexQuality
1375;03.04.2025 17:27:00;03.04.2025 17:30:00;15 MyNewBot1tab1;UsdSgd.txt;Sell;Done;735966,433455;0,000000;0;1,33374;1,33383;-66,236979;0;0;0;0;IndexDeviation;IndexQuality
1373;03.04.2025 17:30:00;;13 MyNewBot1tab1;UsdRub.txt;Buy;Done;11674,867930;0,000000;0;84,0922;84,0922;0;0;0;0;0;IndexDeviation;IndexQuality
1376;03.04.2025 17:27:00;03.04.2025 17:30:00;1 MyNewBot1tab1;UsdChf.txt;Sell;Done;1145016,005408;0,000000;0;0,85727;0,85733;-68,70096;0;0;0;0;IndexDeviation;IndexQuality
1374;03.04.2025 17:27:00;03.04.2025 17:30:00;0 MyNewBot1tab1;UsdCad.txt;Sell;Done;698564,474224;0,000000;0;1,40515;1,40487;195,598053;0;0;0;0;IndexDeviation;IndexQuality
1364;03.04.2025 17:20:00;03.04.2025 17:25:00;13 MyNewBot1tab1;UsdRub.txt;Buy;Done;11693,988147;0,000000;0;84,0431;84,1102;784,6666;0;0;0;0;IndexDeviation;IndexQuality
1370;03.04.2025 17:21:00;03.04.2025 17:23:00;14 MyNewBot1tab1;UsdSek.txt;Buy;Done;101448,206842;0,000000;0;9,6906;9,6883;-233,330876;0;0;0;0;IndexDeviation;IndexQuality
1371;03.04.2025 17:21:00;03.04.2025 17:23:00;12 MyNewBot1tab1;UsdPln.txt;Buy;Done;258504,349117;0,000000;0;3,804;3,805;258,50435;0;0;0;0;IndexDeviation;IndexQuality
1369;03.04.2025 17:20:00;03.04.2025 17:23:00;6 MyNewBot1tab1;UsdInr.txt;Sell;Done;11531,325914;0,000000;0;85,256;85,25;69,18796;0;0;0;0;IndexDeviation;IndexQuality
1372;03.04.2025 17:21:00;03.04.2025 17:23:00;1 MyNewBot1tab1;UsdChf.txt;Buy;Done;1148606,223710;0,000000;0;0,85599;0,85595;-45,944249;0;0;0;0;IndexDeviation;IndexQuality
1368;03.04.2025 17:20:00;03.04.2025 17:22:00;15 MyNewBot1tab1;UsdSgd.txt;Buy;Done;737304,418023;0,000000;0;1,33349;1,33281;-501,367004;0;0;0;0;IndexDeviation;IndexDeviationExit
1366;03.04.2025 17:20:00;03.04.2025 17:22:00;7 MyNewBot1tab1;UsdJpy.txt;Buy;Done;6746,599521;0,000000;0;145,759;145,686;-492,5018;0;0;0;0;IndexDeviation;IndexDeviationExit
1365;03.04.2025 17:20:00;03.04.2025 17:22:00;5 MyNewBot1tab1;UsdHuf.txt;Buy;Done;2712,861987;0,000000;0;362,41;362,082;-889,819;0;0;0;0;IndexDeviation;IndexDeviationExit
1367;03.04.2025 17:20:00;03.04.2025 17:22:00;3 MyNewBot1tab1;UsdDkk.txt;Buy;Done;146185,501435;0,000000;0;6,72506;6,72125;-556,96676;0;0;0;0;IndexDeviation;IndexDeviationExit
1352;03.04.2025 17:15:00;03.04.2025 17:19:00;13 MyNewBot1tab1;UsdRub.txt;Buy;Done;11658,248158;0,000000;0;84,1324;84,077;-645,86695;0;0;0;0;IndexDeviation;IndexQuality
1350;03.04.2025 17:19:00;;8 MyNewBot1tab1;UsdKzt.txt;Sell;Done;1953,816238;0,000000;0;501,68;501,68;0;0;0;0;0;IndexDeviation;IndexQuality
1351;03.04.2025 17:19:00;;2 MyNewBot1tab1;UsdCny.txt;Sell;Done;134626,762220;0,000000;0;7,2808;7,2808;0;0;0;0;0;IndexDeviation;IndexQuality
1361;03.04.2025 17:16:00;03.04.2025 17:18:00;12 MyNewBot1tab1;UsdPln.txt;Sell;Done;258029,172996;0,000000;0;3,80798;3,8079;20,64233;0;0;0;0;IndexDeviation;IndexQuality
1359;03.04.2025 17:16:00;03.04.2025 17:18:00;7 MyNewBot1tab1;UsdJpy.txt;Sell;Done;6742,073146;0,000000;0;145,744;145,778;-229,2305;0;0;0;0;IndexDeviation;IndexQuality
1362;03.04.2025 17:16:00;03.04.2025 17:18:00;6 MyNewBot1tab1;UsdInr.txt;Buy;Done;11525,910447;0,000000;0;85,247;85,254;80,68137;0;0;0;0;IndexDeviation;IndexQuality
1360;03.04.2025 17:16:00;03.04.2025 17:18:00;5 MyNewBot1tab1;UsdHuf.txt;Sell;Done;2708,836810;0,000000;0;362,72;362,57;406,326;0;0;0;0;IndexDeviation;IndexQuality
1363;03.04.2025 17:16:00;03.04.2025 17:18:00;1 MyNewBot1tab1;UsdChf.txt;Sell;Done;1146619,000655;0,000000;0;0,85691;0,85665;298,12094;0;0;0;0;IndexDeviation;IndexQuality
1355;03.04.2025 17:15:00;03.04.2025 17:17:00;17 MyNewBot1tab1;UsdZar.txt;Buy;Done;52271,770045;0,000000;0;18,8004;18,79576;-242,54101;0;0;0;0;IndexDeviation;IndexQuality
1354;03.04.2025 17:15:00;03.04.2025 17:17:00;15 MyNewBot1tab1;UsdSgd.txt;Buy;Done;736555,155780;0,000000;0;1,33321;1,33345;176,773237;0;0;0;0;IndexDeviation;IndexQuality
1353;03.04.2025 17:15:00;03.04.2025 17:17:00;11 MyNewBot1tab1;UsdNok.txt;Buy;Done;95543,312360;0,000000;0;10,2831;10,2827;-38,217325;0;0;0;0;IndexDeviation;IndexQuality
1358;03.04.2025 17:15:00;03.04.2025 17:17:00;10 MyNewBot1tab1;UsdMxn.txt;Buy;Done;49401,720500;0,000000;0;19,876;19,88722;554,2873;0;0;0;0;IndexDeviation;IndexQuality
1357;03.04.2025 17:15:00;03.04.2025 17:17:00;3 MyNewBot1tab1;UsdDkk.txt;Buy;Done;146131,204806;0,000000;0;6,72302;6,72675;545,069394;0;0;0;0;IndexDeviation;IndexQuality
1356;03.04.2025 17:15:00;03.04.2025 17:17:00;0 MyNewBot1tab1;UsdCad.txt;Buy;Done;699726,873147;0,000000;0;1,40338;1,40298;-279,890749;0;0;0;0;IndexDeviation;IndexQuality
1349;03.04.2025 17:12:00;03.04.2025 17:14:00;12 MyNewBot1tab1;UsdPln.txt;Sell;Done;257540,279006;0,000000;0;3,806;3,8038;566,58861;0;0;0;0;IndexDeviation;IndexQuality
1341;03.04.2025 17:09:00;03.04.2025 17:13:00;13 MyNewBot1tab1;UsdRub.txt;Buy;Done;11659,259536;0,000000;0;84,077;84,077;0;0;0;0;0;IndexDeviation;IndexQuality
1345;03.04.2025 17:09:00;03.04.2025 17:13:00;11 MyNewBot1tab1;UsdNok.txt;Sell;Done;95317,674901;0,000000;0;10,2844;10,28702;-249,732308;0;0;0;0;IndexDeviation;IndexQuality
1343;03.04.2025 17:09:00;03.04.2025 17:13:00;8 MyNewBot1tab1;UsdKzt.txt;Buy;Done;1953,985736;0,000000;0;501,68;501,68;0;0;0;0;0;IndexDeviation;IndexQuality
1346;03.04.2025 17:11:00;03.04.2025 17:13:00;7 MyNewBot1tab1;UsdJpy.txt;Buy;Done;6739,234446;0,000000;0;145,458;145,621;1098,4952;0;0;0;0;IndexDeviation;IndexQuality
1348;03.04.2025 17:11:00;03.04.2025 17:13:00;3 MyNewBot1tab1;UsdDkk.txt;Buy;Done;145819,006773;0,000000;0;6,72255;6,72605;510,366524;0;0;0;0;IndexDeviation;IndexQuality
1342;03.04.2025 17:09:00;03.04.2025 17:13:00;2 MyNewBot1tab1;UsdCny.txt;Buy;Done;134638,441377;0,000000;0;7,2808;7,2808;0;0;0;0;0;IndexDeviation;IndexQuality
1347;03.04.2025 17:11:00;03.04.2025 17:13:00;0 MyNewBot1tab1;UsdCad.txt;Buy;Done;698450,704654;0,000000;0;1,40386;1,40448;433,039437;0;0;0;0;IndexDeviation;IndexQuality
1344;03.04.2025 17:09:00;03.04.2025 17:11:00;14 MyNewBot1tab1;UsdSek.txt;Sell;Done;101230,489072;0,000000;0;9,68276;9,6836;-85,033611;0;0;0;0;IndexDeviation;IndexDeviationExit
1328;03.04.2025 17:08:00;;8 MyNewBot1tab1;UsdKzt.txt;Buy;Done;1961,296632;0,000000;0;501,68;501,68;0;0;0;0;0;IndexDeviation;IndexQuality
1327;03.04.2025 17:08:00;;2 MyNewBot1tab1;UsdCny.txt;Buy;Done;135142,195152;0,000000;0;7,2808;7,2808;0;0;0;0;0;IndexDeviation;IndexQuality
1339;03.04.2025 16:56:00;03.04.2025 17:01:00;6 MyNewBot1tab1;UsdInr.txt;Sell;Done;11535,226608;0,000000;0;85,305;85,303;23,07045;0;0;0;0;IndexDeviation;IndexQuality
1338;03.04.2025 17:00:00;;13 MyNewBot1tab1;UsdRub.txt;Sell;Done;11698,319274;0,000000;0;84,0168;84,0168;0;0;0;0;0;IndexDeviation;IndexQuality
1340;03.04.2025 16:56:00;03.04.2025 16:58:00;1 MyNewBot1tab1;UsdChf.txt;Sell;Done;1147683,266023;0,000000;0;0,85708;0,85732;-275,443984;0;0;0;0;IndexDeviation;IndexQuality
1335;03.04.2025 16:54:00;03.04.2025 16:57:00;15 MyNewBot1tab1;UsdSgd.txt;Sell;Done;737467,055253;0,000000;0;1,33412;1,33447;-258,113469;0;0;0;0;IndexDeviation;IndexQuality
1330;03.04.2025 16:54:00;03.04.2025 16:57:00;14 MyNewBot1tab1;UsdSek.txt;Sell;Done;101899,678382;0,000000;0;9,65596;9,6612;-533,954315;0;0;0;0;IndexDeviation;IndexQuality
1337;03.04.2025 16:54:00;03.04.2025 16:57:00;12 MyNewBot1tab1;UsdPln.txt;Sell;Done;258728,186816;0,000000;0;3,80383;3,8053;-380,33043;0;0;0;0;IndexDeviation;IndexQuality
1329;03.04.2025 16:54:00;03.04.2025 16:57:00;11 MyNewBot1tab1;UsdNok.txt;Sell;Done;95640,829952;0,000000;0;10,2853;10,2906;-506,896399;0;0;0;0;IndexDeviation;IndexQuality
1332;03.04.2025 16:54:00;03.04.2025 16:57:00;10 MyNewBot1tab1;UsdMxn.txt;Sell;Done;49456,315818;0,000000;0;19,8898;19,9017;-588,53016;0;0;0;0;IndexDeviation;IndexQuality
1333;03.04.2025 16:54:00;03.04.2025 16:57:00;7 MyNewBot1tab1;UsdJpy.txt;Sell;Done;6750,341615;0,000000;0;145,759;145,735;162,0082;0;0;0;0;IndexDeviation;IndexQuality
1331;03.04.2025 16:54:00;03.04.2025 16:57:00;5 MyNewBot1tab1;UsdHuf.txt;Sell;Done;2711,364398;0,000000;0;362,896;363,02;-336,209;0;0;0;0;IndexDeviation;IndexQuality
1334;03.04.2025 16:54:00;03.04.2025 16:57:00;3 MyNewBot1tab1;UsdDkk.txt;Sell;Done;146311,052989;0,000000;0;6,72603;6,72866;-384,798069;0;0;0;0;IndexDeviation;IndexQuality
1336;03.04.2025 16:54:00;03.04.2025 16:57:00;0 MyNewBot1tab1;UsdCad.txt;Sell;Done;700634,662380;0,000000;0;1,40426;1,4051;-588,533116;0;0;0;0;IndexDeviation;IndexQuality
1321;03.04.2025 16:53:00;;8 MyNewBot1tab1;UsdKzt.txt;Sell;Done;1954,414161;0,000000;0;501,68;501,68;0;0;0;0;0;IndexDeviation;IndexQuality
1320;03.04.2025 16:53:00;;2 MyNewBot1tab1;UsdCny.txt;Sell;Done;134667,961795;0,000000;0;7,2808;7,2808;0;0;0;0;0;IndexDeviation;IndexQuality
1325;03.04.2025 16:49:00;03.04.2025 16:51:00;15 MyNewBot1tab1;UsdSgd.txt;Sell;Done;734873,669633;0,000000;0;1,33422;1,33384;279,251994;0;0;0;0;IndexDeviation;IndexQuality
1324;03.04.2025 16:49:00;03.04.2025 16:51:00;11 MyNewBot1tab1;UsdNok.txt;Sell;Done;95389,587912;0,000000;0;10,27953;10,2725;670,588803;0;0;0;0;IndexDeviation;IndexQuality
1326;03.04.2025 16:49:00;03.04.2025 16:51:00;5 MyNewBot1tab1;UsdHuf.txt;Sell;Done;2702,415788;0,000000;0;362,896;362,57;880,988;0;0;0;0;IndexDeviation;IndexQuality
1319;03.04.2025 16:47:00;03.04.2025 16:50:00;12 MyNewBot1tab1;UsdPln.txt;Sell;Done;257610,282503;0,000000;0;3,8061;3,80188;1087,11539;0;0;0;0;IndexDeviation;IndexQuality
1323;03.04.2025 16:48:00;03.04.2025 16:50:00;10 MyNewBot1tab1;UsdMxn.txt;Buy;Done;49321,340640;0,000000;0;19,8787;19,8719;-335,38512;0;0;0;0;IndexDeviation;IndexQuality
1322;03.04.2025 16:48:00;03.04.2025 16:50:00;1 MyNewBot1tab1;UsdChf.txt;Buy;Done;1144189,719386;0,000000;0;0,85695;0,85677;-205,954149;0;0;0;0;IndexDeviation;IndexQuality
1318;03.04.2025 16:47:00;03.04.2025 16:49:00;17 MyNewBot1tab1;UsdZar.txt;Buy;Done;51990,036493;0,000000;0;18,8568;18,8775;1076,19376;0;0;0;0;IndexDeviation;IndexDeviationExit
1312;03.04.2025 16:25:00;03.04.2025 16:30:00;13 MyNewBot1tab1;UsdRub.txt;Sell;Done;11615,883313;0,000000;0;84,252;84,1282;1438,04635;0;0;0;0;IndexDeviation;IndexQuality
1317;03.04.2025 16:27:00;03.04.2025 16:29:00;10 MyNewBot1tab1;UsdMxn.txt;Sell;Done;49100,431814;0,000000;0;19,9355;19,94684;-556,7989;0;0;0;0;IndexDeviation;IndexQuality
1313;03.04.2025 16:25:00;03.04.2025 16:28:00;17 MyNewBot1tab1;UsdZar.txt;Buy;Done;52076,208436;0,000000;0;18,8008;18,8428;2187,20075;0;0;0;0;IndexDeviation;IndexQuality
1314;03.04.2025 16:26:00;03.04.2025 16:28:00;15 MyNewBot1tab1;UsdSgd.txt;Sell;Done;734286,374720;0,000000;0;1,33317;1,33353;-264,343095;0;0;0;0;IndexDeviation;IndexQuality
1315;03.04.2025 16:26:00;03.04.2025 16:28:00;14 MyNewBot1tab1;UsdSek.txt;Sell;Done;101674,117031;0,000000;0;9,62869;9,6372;-865,246736;0;0;0;0;IndexDeviation;IndexQuality
1316;03.04.2025 16:26:00;03.04.2025 16:28:00;1 MyNewBot1tab1;UsdChf.txt;Sell;Done;1142207,066314;0,000000;0;0,85705;0,85738;-376,928332;0;0;0;0;IndexDeviation;IndexQuality
1305;03.04.2025 16:02:00;03.04.2025 16:05:00;15 MyNewBot1tab1;UsdSgd.txt;Sell;Done;734200,766201;0,000000;0;1,33525;1,33533;-58,736061;0;0;0;0;IndexDeviation;IndexQuality
1308;03.04.2025 16:03:00;03.04.2025 16:05:00;7 MyNewBot1tab1;UsdJpy.txt;Buy;Done;6717,490999;0,000000;0;145,933;145,86;-490,3768;0;0;0;0;IndexDeviation;IndexQuality
1311;03.04.2025 16:03:00;03.04.2025 16:05:00;6 MyNewBot1tab1;UsdInr.txt;Sell;Done;11494,959885;0,000000;0;85,272;85,283;-126,44456;0;0;0;0;IndexDeviation;IndexQuality
1309;03.04.2025 16:03:00;03.04.2025 16:05:00;3 MyNewBot1tab1;UsdDkk.txt;Buy;Done;145595,722983;0,000000;0;6,73274;6,72785;-711,963085;0;0;0;0;IndexDeviation;IndexQuality
1310;03.04.2025 16:03:00;03.04.2025 16:05:00;1 MyNewBot1tab1;UsdChf.txt;Buy;Done;1140256,806384;0,000000;0;0,85996;0,85965;-353,47961;0;0;0;0;IndexDeviation;IndexQuality
1307;03.04.2025 16:02:00;03.04.2025 16:04:00;14 MyNewBot1tab1;UsdSek.txt;Sell;Done;101447,809067;0,000000;0;9,6629;9,6582;476,804703;0;0;0;0;IndexDeviation;IndexDeviationExit
1306;03.04.2025 16:02:00;03.04.2025 16:04:00;0 MyNewBot1tab1;UsdCad.txt;Sell;Done;695838,399631;0,000000;0;1,40876;1,4089;-97,417376;0;0;0;0;IndexDeviation;IndexDeviationExit
1302;03.04.2025 15:58:00;03.04.2025 16:00:00;15 MyNewBot1tab1;UsdSgd.txt;Sell;Done;735918,760970;0,000000;0;1,33459;1,33464;-36,795938;0;0;0;0;IndexDeviation;IndexQuality
1303;03.04.2025 15:58:00;03.04.2025 16:00:00;7 MyNewBot1tab1;UsdJpy.txt;Sell;Done;6730,427383;0,000000;0;145,926;145,883;289,4084;0;0;0;0;IndexDeviation;IndexQuality
1304;03.04.2025 15:58:00;03.04.2025 16:00:00;1 MyNewBot1tab1;UsdChf.txt;Sell;Done;1143048,632619;0,000000;0;0,85925;0,85922;34,291459;0;0;0;0;IndexDeviation;IndexQuality
1300;03.04.2025 15:56:00;03.04.2025 15:59:00;17 MyNewBot1tab1;UsdZar.txt;Sell;Done;52012,519081;0,000000;0;18,926;18,9368;-561,73521;0;0;0;0;IndexDeviation;IndexQuality
1299;03.04.2025 15:56:00;03.04.2025 15:59:00;11 MyNewBot1tab1;UsdNok.txt;Sell;Done;95797,440458;0,000000;0;10,2774;10,2838;-613,103619;0;0;0;0;IndexDeviation;IndexQuality
1301;03.04.2025 15:57:00;03.04.2025 15:59:00;5 MyNewBot1tab1;UsdHuf.txt;Sell;Done;2717,420481;0,000000;0;362,2;362,563;-986,424;0;0;0;0;IndexDeviation;IndexQuality
1290;03.04.2025 15:51:00;03.04.2025 15:56:00;15 MyNewBot1tab1;UsdSgd.txt;Sell;Done;738021,717363;0,000000;0;1,33389;1,3342;-228,786732;0;0;0;0;IndexDeviation;IndexQuality
1294;03.04.2025 15:53:00;03.04.2025 15:56:00;14 MyNewBot1tab1;UsdSek.txt;Sell;Done;101963,863664;0,000000;0;9,6538;9,6515;234,516886;0;0;0;0;IndexDeviation;IndexQuality
1295;03.04.2025 15:53:00;03.04.2025 15:56:00;12 MyNewBot1tab1;UsdPln.txt;Sell;Done;260155,546594;0,000000;0;3,7835;3,7846;-286,1711;0;0;0;0;IndexDeviation;IndexQuality
1298;03.04.2025 15:54:00;03.04.2025 15:56:00;10 MyNewBot1tab1;UsdMxn.txt;Buy;Done;49318,646945;0,000000;0;19,9585;19,9474;-547,43698;0;0;0;0;IndexDeviation;IndexQuality
1291;03.04.2025 15:51:00;03.04.2025 15:56:00;7 MyNewBot1tab1;UsdJpy.txt;Sell;Done;6750,447953;0,000000;0;145,793;145,921;-864,0573;0;0;0;0;IndexDeviation;IndexQuality
1289;03.04.2025 15:50:00;03.04.2025 15:56:00;6 MyNewBot1tab1;UsdInr.txt;Buy;Done;11542,280677;0,000000;0;85,297;85,273;-277,01474;0;0;0;0;IndexDeviation;IndexQuality
1293;03.04.2025 15:51:00;03.04.2025 15:56:00;3 MyNewBot1tab1;UsdDkk.txt;Sell;Done;146410,641859;0,000000;0;6,72255;6,72735;-702,771081;0;0;0;0;IndexDeviation;IndexQuality
1296;03.04.2025 15:53:00;03.04.2025 15:56:00;1 MyNewBot1tab1;UsdChf.txt;Sell;Done;1145645,297915;0,000000;0;0,85908;0,85889;217,672607;0;0;0;0;IndexDeviation;IndexQuality
1297;03.04.2025 15:54:00;03.04.2025 15:56:00;0 MyNewBot1tab1;UsdCad.txt;Buy;Done;699714,875842;0,000000;0;1,40716;1,40726;69,971488;0;0;0;0;IndexDeviation;IndexQuality
1292;03.04.2025 15:51:00;03.04.2025 15:54:00;5 MyNewBot1tab1;UsdHuf.txt;Sell;Done;2719,459782;0,000000;0;361,92;362,07;-407,919;0;0;0;0;IndexDeviation;IndexDeviationExit
1288;03.04.2025 15:50:00;03.04.2025 15:53:00;17 MyNewBot1tab1;UsdZar.txt;Buy;Done;52011,730009;0,000000;0;18,9284;18,9372;457,70322;0;0;0;0;IndexDeviation;IndexDeviationExit
1286;02.04.2025 18:46:00;;8 MyNewBot1tab1;UsdKzt.txt;Sell;Done;1960,209003;0,000000;0;502,68;502,68;0;0;0;0;0;IndexDeviation;IndexQuality
1287;02.04.2025 17:00:00;02.04.2025 17:05:00;13 MyNewBot1tab1;UsdRub.txt;Buy;Done;11723,472478;0,000000;0;84,2266;84,1773;-577,96719;0;0;0;0;IndexDeviation;IndexQuality
1275;02.04.2025 16:55:00;02.04.2025 16:57:00;13 MyNewBot1tab1;UsdRub.txt;Buy;Done;11730,663054;0,000000;0;84,1665;84,05;-1366,62225;0;0;0;0;IndexDeviation;IndexQuality
1279;02.04.2025 16:53:00;02.04.2025 16:57:00;9 MyNewBot1tab1;UsdMdl.txt;Buy;Done;55578,479688;0,000000;0;17,74;17,74;0;0;0;0;0;IndexDeviation;IndexQuality
1276;02.04.2025 16:57:00;;8 MyNewBot1tab1;UsdKzt.txt;Sell;Done;1961,411295;0,000000;0;502,68;502,68;0;0;0;0;0;IndexDeviation;IndexQuality
1285;02.04.2025 16:55:00;02.04.2025 16:57:00;6 MyNewBot1tab1;UsdInr.txt;Sell;Done;11542,116639;0,000000;0;85,422;85,429;-80,79482;0;0;0;0;IndexDeviation;IndexQuality
1284;02.04.2025 16:55:00;02.04.2025 16:57:00;3 MyNewBot1tab1;UsdDkk.txt;Buy;Done;143049,602053;0,000000;0;6,89245;6,89105;-200,269443;0;0;0;0;IndexDeviation;IndexQuality
1277;02.04.2025 16:54:00;02.04.2025 16:57:00;2 MyNewBot1tab1;UsdCny.txt;Sell;Done;135685,987707;0,000000;0;7,2663;7,2663;0;0;0;0;0;IndexDeviation;IndexQuality
1278;02.04.2025 16:53:00;02.04.2025 16:56:00;17 MyNewBot1tab1;UsdZar.txt;Buy;Done;52864,339850;0,000000;0;18,6508;18,67231;1137,11195;0;0;0;0;IndexDeviation;IndexQuality
1282;02.04.2025 16:54:00;02.04.2025 16:56:00;14 MyNewBot1tab1;UsdSek.txt;Sell;Done;99181,193647;0,000000;0;9,94;9,93933;66,4514;0;0;0;0;IndexDeviation;IndexQuality
1280;02.04.2025 16:54:00;02.04.2025 16:56:00;11 MyNewBot1tab1;UsdNok.txt;Sell;Done;94554,944633;0,000000;0;10,4254;10,4257;-28,366483;0;0;0;0;IndexDeviation;IndexQuality
1283;02.04.2025 16:54:00;02.04.2025 16:56:00;10 MyNewBot1tab1;UsdMxn.txt;Sell;Done;48438,807047;0,000000;0;20,35;20,35;0;0;0;0;0;IndexDeviation;IndexQuality
1281;02.04.2025 16:54:00;02.04.2025 16:56:00;0 MyNewBot1tab1;UsdCad.txt;Sell;Done;688237,548546;0,000000;0;1,4324;1,433;-412,942529;0;0;0;0;IndexDeviation;IndexQuality
1268;01.04.2025 17:16:00;01.04.2025 17:19:00;17 MyNewBot1tab1;UsdZar.txt;Sell;Done;53578,025282;0,000000;0;18,3942;18,3885;305,39474;0;0;0;0;IndexDeviation;IndexQuality
1273;01.04.2025 17:17:00;01.04.2025 17:19:00;15 MyNewBot1tab1;UsdSgd.txt;Buy;Done;734063,675517;0,000000;0;1,34272;1,3429;132,131462;0;0;0;0;IndexDeviation;IndexQuality
1272;01.04.2025 17:17:00;01.04.2025 17:19:00;11 MyNewBot1tab1;UsdNok.txt;Buy;Done;94352,211354;0,000000;0;10,4468;10,44712;30,192708;0;0;0;0;IndexDeviation;IndexQuality
1271;01.04.2025 17:16:00;01.04.2025 17:19:00;10 MyNewBot1tab1;UsdMxn.txt;Sell;Done;48125,317070;0,000000;0;20,4739;20,45713;807,06157;0;0;0;0;IndexDeviation;IndexQuality
1269;01.04.2025 17:16:00;01.04.2025 17:19:00;5 MyNewBot1tab1;UsdHuf.txt;Buy;Done;2648,605889;0,000000;0;372,29;372,22;-185,402;0;0;0;0;IndexDeviation;IndexQuality
1274;01.04.2025 17:17:00;01.04.2025 17:19:00;1 MyNewBot1tab1;UsdChf.txt;Buy;Done;1118234,158752;0,000000;0;0,88177;0,88177;0;0;0;0;0;IndexDeviation;IndexQuality
1267;01.04.2025 17:16:00;01.04.2025 17:19:00;0 MyNewBot1tab1;UsdCad.txt;Buy;Done;685260,484965;0,000000;0;1,43842;1,43716;-863,428211;0;0;0;0;IndexDeviation;IndexQuality
1270;01.04.2025 17:16:00;01.04.2025 17:18:00;6 MyNewBot1tab1;UsdInr.txt;Buy;Done;11519,648005;0,000000;0;85,554;85,559;57,59824;0;0;0;0;IndexDeviation;IndexDeviationExit
1263;01.04.2025 17:15:00;;8 MyNewBot1tab1;UsdKzt.txt;Sell;Done;1964,728097;0,000000;0;503,28;503,28;0;0;0;0;0;IndexDeviation;IndexQuality
1262;01.04.2025 17:10:00;01.04.2025 17:14:00;13 MyNewBot1tab1;UsdRub.txt;Buy;Done;11663,914560;0,000000;0;84,7685;84,5;-3131,76106;0;0;0;0;IndexDeviation;IndexQuality
1259;01.04.2025 17:10:00;01.04.2025 17:13:00;14 MyNewBot1tab1;UsdSek.txt;Buy;Done;98868,180556;0,000000;0;10,0004;9,99872;-166,098543;0;0;0;0;IndexDeviation;IndexQuality
1260;01.04.2025 17:10:00;01.04.2025 17:13:00;12 MyNewBot1tab1;UsdPln.txt;Buy;Done;255327,899612;0,000000;0;3,8731;3,873;-25,53279;0;0;0;0;IndexDeviation;IndexQuality
1256;01.04.2025 17:10:00;01.04.2025 17:13:00;11 MyNewBot1tab1;UsdNok.txt;Buy;Done;94582,984851;0,000000;0;10,4553;10,46012;455,889987;0;0;0;0;IndexDeviation;IndexQuality
1265;01.04.2025 17:11:00;01.04.2025 17:13:00;7 MyNewBot1tab1;UsdJpy.txt;Buy;Done;6631,891272;0,000000;0;149,099;149,092;-46,4232;0;0;0;0;IndexDeviation;IndexQuality
1266;01.04.2025 17:11:00;01.04.2025 17:13:00;6 MyNewBot1tab1;UsdInr.txt;Buy;Done;11555,279260;0,000000;0;85,569;85,571;23,11056;0;0;0;0;IndexDeviation;IndexQuality
1264;01.04.2025 17:10:00;01.04.2025 17:13:00;5 MyNewBot1tab1;UsdHuf.txt;Buy;Done;2654,590343;0,000000;0;372,49;372,5;26,546;0;0;0;0;IndexDeviation;IndexQuality
1257;01.04.2025 17:10:00;01.04.2025 17:13:00;3 MyNewBot1tab1;UsdDkk.txt;Buy;Done;143198,056651;0,000000;0;6,90551;6,90475;-108,830523;0;0;0;0;IndexDeviation;IndexQuality
1258;01.04.2025 17:10:00;01.04.2025 17:12:00;15 MyNewBot1tab1;UsdSgd.txt;Buy;Done;736114,850834;0,000000;0;1,34333;1,3433;-22,083446;0;0;0;0;IndexDeviation;IndexDeviationExit
1261;01.04.2025 17:10:00;01.04.2025 17:12:00;1 MyNewBot1tab1;UsdChf.txt;Buy;Done;1120767,525251;0,000000;0;0,88226;0,88214;-134,492103;0;0;0;0;IndexDeviation;IndexDeviationExit
1246;01.04.2025 16:58:00;01.04.2025 17:09:00;8 MyNewBot1tab1;UsdKzt.txt;Buy;Done;1962,367431;0,000000;0;503,28;503,28;0;0;0;0;0;IndexDeviation;IndexDeviationExit
1255;01.04.2025 17:01:00;01.04.2025 17:03:00;5 MyNewBot1tab1;UsdHuf.txt;Buy;Done;2647,837606;0,000000;0;372,99;372,73;-688,438;0;0;0;0;IndexDeviation;IndexQuality
1253;01.04.2025 17:00:00;01.04.2025 17:02:00;15 MyNewBot1tab1;UsdSgd.txt;Buy;Done;734869,325049;0,000000;0;1,34368;1,34359;-66,138239;0;0;0;0;IndexDeviation;IndexQuality
1254;01.04.2025 17:00:00;01.04.2025 17:02:00;14 MyNewBot1tab1;UsdSek.txt;Sell;Done;98473,598899;0,000000;0;10,03465;10,0146;1974,395658;0;0;0;0;IndexDeviation;IndexQuality
1248;01.04.2025 16:58:00;01.04.2025 17:02:00;12 MyNewBot1tab1;UsdPln.txt;Sell;Done;254620,057932;0,000000;0;3,8788;3,8741;1196,71427;0;0;0;0;IndexDeviation;IndexQuality
1250;01.04.2025 16:59:00;01.04.2025 17:02:00;7 MyNewBot1tab1;UsdJpy.txt;Buy;Done;6607,570053;0,000000;0;149,47;149,215;-1684,9304;0;0;0;0;IndexDeviation;IndexQuality
1245;01.04.2025 16:57:00;01.04.2025 17:02:00;3 MyNewBot1tab1;UsdDkk.txt;Sell;Done;142792,947351;0,000000;0;6,9166;6,91022;911,019004;0;0;0;0;IndexDeviation;IndexQuality
1252;01.04.2025 16:59:00;01.04.2025 17:02:00;1 MyNewBot1tab1;UsdChf.txt;Buy;Done;1118077,571782;0,000000;0;0,88332;0,88259;-816,196627;0;0;0;0;IndexDeviation;IndexQuality
1251;01.04.2025 16:59:00;01.04.2025 17:02:00;0 MyNewBot1tab1;UsdCad.txt;Buy;Done;685942,686975;0,000000;0;1,44014;1,44022;54,875415;0;0;0;0;IndexDeviation;IndexQuality
1244;01.04.2025 16:57:00;01.04.2025 17:01:00;17 MyNewBot1tab1;UsdZar.txt;Sell;Done;53763,198589;0,000000;0;18,3674;18,3658;86,02112;0;0;0;0;IndexDeviation;IndexDeviationExit
1243;01.04.2025 16:58:00;01.04.2025 17:00:00;13 MyNewBot1tab1;UsdRub.txt;Buy;Done;11649,900097;0,000000;0;84,775;84,7792;48,92958;0;0;0;0;IndexDeviation;IndexDeviationExit
1249;01.04.2025 16:58:00;01.04.2025 17:00:00;10 MyNewBot1tab1;UsdMxn.txt;Sell;Done;48216,866022;0,000000;0;20,4843;20,4813;144,6506;0;0;0;0;IndexDeviation;IndexDeviationExit
1242;01.04.2025 16:57:00;01.04.2025 16:59:00;11 MyNewBot1tab1;UsdNok.txt;Sell;Done;94288,059641;0,000000;0;10,4745;10,4745;0;0;0;0;0;IndexDeviation;IndexDeviationExit
1247;01.04.2025 16:58:00;01.04.2025 16:59:00;2 MyNewBot1tab1;UsdCny.txt;Buy;Done;135867,420650;0,000000;0;7,269;7,2692;27,17348;0;0;0;0;IndexDeviation;IndexDeviationExit
1241;01.04.2025 16:49:00;01.04.2025 16:51:00;14 MyNewBot1tab1;UsdSek.txt;Buy;Done;98688,654303;0,000000;0;10,02082;10,0198;-100,662427;0;0;0;0;IndexDeviation;IndexQuality
1237;01.04.2025 16:48:00;01.04.2025 16:50:00;15 MyNewBot1tab1;UsdSgd.txt;Sell;Done;735728,055464;0,000000;0;1,34404;1,34387;125,073769;0;0;0;0;IndexDeviation;IndexQuality
1233;01.04.2025 16:50:00;;13 MyNewBot1tab1;UsdRub.txt;Buy;Done;11664,294643;0,000000;0;84,8326;84,8326;0;0;0;0;0;IndexDeviation;IndexQuality
1234;01.04.2025 16:47:00;01.04.2025 16:50:00;12 MyNewBot1tab1;UsdPln.txt;Sell;Done;255184,665390;0,000000;0;3,87507;3,8737;349,60299;0;0;0;0;IndexDeviation;IndexQuality
1236;01.04.2025 16:47:00;01.04.2025 16:50:00;11 MyNewBot1tab1;UsdNok.txt;Buy;Done;94392,756110;0,000000;0;10,4751;10,465;-953,366837;0;0;0;0;IndexDeviation;IndexQuality
1238;01.04.2025 16:48:00;01.04.2025 16:50:00;7 MyNewBot1tab1;UsdJpy.txt;Sell;Done;6615,070465;0,000000;0;149,481;149,498;-112,4562;0;0;0;0;IndexDeviation;IndexQuality
1240;01.04.2025 16:48:00;01.04.2025 16:50:00;6 MyNewBot1tab1;UsdInr.txt;Sell;Done;11553,495565;0,000000;0;85,576;85,577;-11,5535;0;0;0;0;IndexDeviation;IndexQuality
1239;01.04.2025 16:48:00;01.04.2025 16:50:00;5 MyNewBot1tab1;UsdHuf.txt;Buy;Done;2652,682830;0,000000;0;372,87;372,83;-106,107;0;0;0;0;IndexDeviation;IndexQuality
1235;01.04.2025 16:47:00;01.04.2025 16:49:00;17 MyNewBot1tab1;UsdZar.txt;Sell;Done;53892,469010;0,000000;0;18,3487;18,3511;-129,34193;0;0;0;0;IndexDeviation;IndexDeviationExit
1232;01.04.2025 16:47:00;01.04.2025 16:49:00;0 MyNewBot1tab1;UsdCad.txt;Buy;Done;686551,814473;0,000000;0;1,44058;1,44017;-281,486244;0;0;0;0;IndexDeviation;IndexDeviationExit
1230;01.04.2025 16:16:00;01.04.2025 16:19:00;3 MyNewBot1tab1;UsdDkk.txt;Buy;Done;142961,113568;0,000000;0;6,91615;6,91695;114,368891;0;0;0;0;IndexDeviation;IndexQuality
1231;01.04.2025 16:17:00;01.04.2025 16:19:00;1 MyNewBot1tab1;UsdChf.txt;Buy;Done;1120445,820106;0,000000;0;0,88272;0,88272;0;0;0;0;0;IndexDeviation;IndexQuality
1226;01.04.2025 15:24:00;01.04.2025 16:15:00;16 MyNewBot1tab1;UsdUah.txt;Buy;Done;23907,166477;0,000000;0;41,4228;41,4228;0;0;0;0;0;IndexDeviation;IndexQuality
1229;01.04.2025 15:27:00;01.04.2025 15:29:00;17 MyNewBot1tab1;UsdZar.txt;Buy;Done;54033,029570;0,000000;0;18,3316;18,3032;-1534,53804;0;0;0;0;IndexDeviation;IndexQuality
1228;01.04.2025 15:26:00;01.04.2025 15:28:00;11 MyNewBot1tab1;UsdNok.txt;Buy;Done;94505,265443;0,000000;0;10,4788;10,4732;-529,229486;0;0;0;0;IndexDeviation;IndexQuality
1227;01.04.2025 15:24:00;01.04.2025 15:26:00;15 MyNewBot1tab1;UsdSgd.txt;Buy;Done;737265,040855;0,000000;0;1,34314;1,34329;110,589756;0;0;0;0;IndexDeviation;IndexDeviationExit
1225;01.04.2025 15:23:00;01.04.2025 15:25:00;12 MyNewBot1tab1;UsdPln.txt;Buy;Done;255377,217888;0,000000;0;3,8802;3,8803;25,53772;0;0;0;0;IndexDeviation;IndexQuality
1224;01.04.2025 15:23:00;01.04.2025 15:25:00;5 MyNewBot1tab1;UsdHuf.txt;Buy;Done;2655,320487;0,000000;0;372,96;373,09;345,192;0;0;0;0;IndexDeviation;IndexQuality
1223;01.04.2025 15:23:00;01.04.2025 15:25:00;0 MyNewBot1tab1;UsdCad.txt;Buy;Done;688235,301638;0,000000;0;1,43924;1,43925;6,882353;0;0;0;0;IndexDeviation;IndexQuality
1222;01.04.2025 15:08:00;01.04.2025 15:10:00;11 MyNewBot1tab1;UsdNok.txt;Buy;Done;94375,220177;0,000000;0;10,4896;10,49088;120,800282;0;0;0;0;IndexDeviation;IndexQuality
1221;01.04.2025 15:07:00;01.04.2025 15:10:00;7 MyNewBot1tab1;UsdJpy.txt;Sell;Done;6634,778481;0,000000;0;149,211;149,18;205,6781;0;0;0;0;IndexDeviation;IndexQuality
1218;31.03.2025 17:54:00;31.03.2025 17:58:00;8 MyNewBot1tab1;UsdKzt.txt;Sell;Done;1959,917124;0,000000;0;504,32;504,32;0;0;0;0;0;IndexDeviation;IndexDeviationExit
1219;31.03.2025 17:54:00;31.03.2025 17:58:00;2 MyNewBot1tab1;UsdCny.txt;Sell;Done;136212,416984;0,000000;0;7,2565;7,2565;0;0;0;0;0;IndexDeviation;IndexDeviationExit
1215;31.03.2025 17:53:00;31.03.2025 17:56:00;15 MyNewBot1tab1;UsdSgd.txt;Buy;Done;735484,819554;0,000000;0;1,34391;1,34403;88,258178;0;0;0;0;IndexDeviation;IndexQuality
1213;31.03.2025 17:53:00;31.03.2025 17:56:00;14 MyNewBot1tab1;UsdSek.txt;Buy;Done;98542,969757;0,000000;0;10,0302;10,0393;896,741025;0;0;0;0;IndexDeviation;IndexQuality
1216;31.03.2025 17:53:00;31.03.2025 17:56:00;12 MyNewBot1tab1;UsdPln.txt;Buy;Done;255103,856875;0,000000;0;3,87662;3,8778;301,02255;0;0;0;0;IndexDeviation;IndexQuality
1217;31.03.2025 17:53:00;31.03.2025 17:56:00;7 MyNewBot1tab1;UsdJpy.txt;Buy;Done;6605,796992;0,000000;0;149,628;149,587;-270,8377;0;0;0;0;IndexDeviation;IndexQuality
1220;31.03.2025 17:53:00;31.03.2025 17:56:00;3 MyNewBot1tab1;UsdDkk.txt;Buy;Done;143083,956718;0,000000;0;6,90816;6,90885;98,72793;0;0;0;0;IndexDeviation;IndexQuality
1214;31.03.2025 17:53:00;31.03.2025 17:56:00;1 MyNewBot1tab1;UsdChf.txt;Buy;Done;1117900,658065;0,000000;0;0,88418;0,88457;435,981257;0;0;0;0;IndexDeviation;IndexQuality
1211;31.03.2025 17:52:00;;9 MyNewBot1tab1;UsdMdl.txt;Sell;Done;55382,100862;0,000000;0;17,84;17,84;0;0;0;0;0;IndexDeviation;IndexQuality
1210;31.03.2025 17:26:00;31.03.2025 17:31:00;2 MyNewBot1tab1;UsdCny.txt;Buy;Done;136178,611411;0,000000;0;7,2553;7,2565;163,41433;0;0;0;0;IndexDeviation;IndexQuality
1212;31.03.2025 17:28:00;31.03.2025 17:30:00;10 MyNewBot1tab1;UsdMxn.txt;Buy;Done;48407,748998;0,000000;0;20,4075;20,4157;396,94354;0;0;0;0;IndexDeviation;IndexQuality
1207;31.03.2025 17:26:00;31.03.2025 17:29:00;14 MyNewBot1tab1;UsdSek.txt;Buy;Done;98245,597853;0,000000;0;10,0566;10,0582;157,192957;0;0;0;0;IndexDeviation;IndexQuality
1206;31.03.2025 17:26:00;31.03.2025 17:29:00;1 MyNewBot1tab1;UsdChf.txt;Sell;Done;1117375,207097;0,000000;0;0,88423;0,88427;-44,695008;0;0;0;0;IndexDeviation;IndexQuality
1209;31.03.2025 17:26:00;31.03.2025 17:28:00;17 MyNewBot1tab1;UsdZar.txt;Sell;Done;53627,193053;0,000000;0;18,42345;18,4241;-34,85768;0;0;0;0;IndexDeviation;IndexDeviationExit
1208;31.03.2025 17:26:00;31.03.2025 17:28:00;12 MyNewBot1tab1;UsdPln.txt;Sell;Done;254748,525003;0,000000;0;3,8776;3,8785;-229,27367;0;0;0;0;IndexDeviation;IndexDeviationExit
1199;31.03.2025 17:25:00;;9 MyNewBot1tab1;UsdMdl.txt;Buy;Done;55466,389259;0,000000;0;17,8;17,8;0;0;0;0;0;IndexDeviation;IndexQuality
1201;31.03.2025 17:15:00;31.03.2025 17:18:00;17 MyNewBot1tab1;UsdZar.txt;Buy;Done;53647,206460;0,000000;0;18,4008;18,40885;431,86001;0;0;0;0;IndexDeviation;IndexQuality
1204;31.03.2025 17:15:00;31.03.2025 17:18:00;15 MyNewBot1tab1;UsdSgd.txt;Sell;Done;734621,364337;0,000000;0;1,34405;1,34398;51,423496;0;0;0;0;IndexDeviation;IndexQuality
1205;31.03.2025 17:16:00;31.03.2025 17:18:00;11 MyNewBot1tab1;UsdNok.txt;Buy;Done;93734,143056;0,000000;0;10,53368;10,53473;98,42085;0;0;0;0;IndexDeviation;IndexQuality
1200;31.03.2025 17:15:00;31.03.2025 17:18:00;7 MyNewBot1tab1;UsdJpy.txt;Sell;Done;6591,591305;0,000000;0;149,783;149,77;85,6907;0;0;0;0;IndexDeviation;IndexQuality
1203;31.03.2025 17:15:00;31.03.2025 17:18:00;3 MyNewBot1tab1;UsdDkk.txt;Sell;Done;142974,278116;0,000000;0;6,90527;6,90525;2,859486;0;0;0;0;IndexDeviation;IndexQuality
1202;31.03.2025 17:15:00;31.03.2025 17:18:00;1 MyNewBot1tab1;UsdChf.txt;Sell;Done;1117400,691302;0,000000;0;0,88357;0,88353;44,696028;0;0;0;0;IndexDeviation;IndexQuality
1197;31.03.2025 16:36:00;31.03.2025 16:38:00;15 MyNewBot1tab1;UsdSgd.txt;Sell;Done;734883,388460;0,000000;0;1,34313;1,34336;-169,023179;0;0;0;0;IndexDeviation;IndexQuality
1198;31.03.2025 16:36:00;31.03.2025 16:38:00;3 MyNewBot1tab1;UsdDkk.txt;Sell;Done;143079,525235;0,000000;0;6,89903;6,90059;-223,204059;0;0;0;0;IndexDeviation;IndexQuality
1196;31.03.2025 16:35:00;31.03.2025 16:37:00;14 MyNewBot1tab1;UsdSek.txt;Buy;Done;98354,983696;0,000000;0;10,0356;10,04075;506,528166;0;0;0;0;IndexDeviation;IndexQuality
1194;31.03.2025 16:35:00;31.03.2025 16:37:00;11 MyNewBot1tab1;UsdNok.txt;Buy;Done;93671,235255;0,000000;0;10,5374;10,5346;-262,279459;0;0;0;0;IndexDeviation;IndexQuality
1195;31.03.2025 16:35:00;31.03.2025 16:37:00;5 MyNewBot1tab1;UsdHuf.txt;Buy;Done;2656,219791;0,000000;0;371,58;371,73;398,433;0;0;0;0;IndexDeviation;IndexQuality
1193;31.03.2025 16:20:00;31.03.2025 16:23:00;2 MyNewBot1tab1;UsdCny.txt;Sell;Done;136028,001145;0,000000;0;7,2531;7,2531;0;0;0;0;0;IndexDeviation;IndexQuality
1189;31.03.2025 16:19:00;31.03.2025 16:21:00;17 MyNewBot1tab1;UsdZar.txt;Buy;Done;53688,270175;0,000000;0;18,3759;18,3761;10,73765;0;0;0;0;IndexDeviation;IndexQuality
1188;31.03.2025 16:19:00;31.03.2025 16:21:00;15 MyNewBot1tab1;UsdSgd.txt;Buy;Done;734672,964550;0,000000;0;1,34288;1,34305;124,894404;0;0;0;0;IndexDeviation;IndexQuality
1192;31.03.2025 16:19:00;31.03.2025 16:21:00;14 MyNewBot1tab1;UsdSek.txt;Buy;Done;98314,892564;0,000000;0;10,0348;10,03759;274,29855;0;0;0;0;IndexDeviation;IndexQuality
1186;31.03.2025 16:19:00;31.03.2025 16:21:00;11 MyNewBot1tab1;UsdNok.txt;Buy;Done;93615,816663;0,000000;0;10,5385;10,5385;0;0;0;0;0;IndexDeviation;IndexQuality
1187;31.03.2025 16:19:00;31.03.2025 16:21:00;7 MyNewBot1tab1;UsdJpy.txt;Buy;Done;6596,043885;0,000000;0;149,57;149,592;145,113;0;0;0;0;IndexDeviation;IndexQuality
1191;31.03.2025 16:19:00;31.03.2025 16:21:00;3 MyNewBot1tab1;UsdDkk.txt;Buy;Done;143068,908027;0,000000;0;6,89605;6,89725;171,68269;0;0;0;0;IndexDeviation;IndexQuality
1190;31.03.2025 16:19:00;31.03.2025 16:21:00;0 MyNewBot1tab1;UsdCad.txt;Buy;Done;686959,686315;0,000000;0;1,43617;1,43664;322,871053;0;0;0;0;IndexDeviation;IndexQuality
1185;31.03.2025 16:18:00;31.03.2025 16:20:00;6 MyNewBot1tab1;UsdInr.txt;Buy;Done;11552,209973;0,000000;0;85,403;85,402;-11,55221;0;0;0;0;IndexDeviation;IndexDeviationExit
1184;31.03.2025 16:18:00;31.03.2025 16:20:00;5 MyNewBot1tab1;UsdHuf.txt;Buy;Done;2652,641116;0,000000;0;372,06;371,85;-557,055;0;0;0;0;IndexDeviation;IndexDeviationExit
1181;31.03.2025 16:15:00;;13 MyNewBot1tab1;UsdRub.txt;Sell;Done;11629,495720;0,000000;0;84,825;84,825;0;0;0;0;0;IndexDeviation;IndexQuality
1183;31.03.2025 16:11:00;31.03.2025 16:13:00;15 MyNewBot1tab1;UsdSgd.txt;Buy;Done;734533,888409;0,000000;0;1,34311;1,343;-80,798728;0;0;0;0;IndexDeviation;IndexQuality
1182;31.03.2025 16:11:00;31.03.2025 16:13:00;7 MyNewBot1tab1;UsdJpy.txt;Buy;Done;6595,580986;0,000000;0;149,57;149,526;-290,2056;0;0;0;0;IndexDeviation;IndexQuality
1179;31.03.2025 16:10:00;31.03.2025 16:12:00;17 MyNewBot1tab1;UsdZar.txt;Buy;Done;53673,752054;0,000000;0;18,3852;18,38787;143,30892;0;0;0;0;IndexDeviation;IndexQuality
1178;31.03.2025 16:10:00;31.03.2025 16:12:00;11 MyNewBot1tab1;UsdNok.txt;Buy;Done;93672,533012;0,000000;0;10,5346;10,53592;123,647744;0;0;0;0;IndexDeviation;IndexQuality
1180;31.03.2025 16:10:00;31.03.2025 16:12:00;6 MyNewBot1tab1;UsdInr.txt;Sell;Done;11552,225639;0,000000;0;85,419;85,404;173,28338;0;0;0;0;IndexDeviation;IndexQuality
1175;31.03.2025 16:07:00;31.03.2025 16:09:00;15 MyNewBot1tab1;UsdSgd.txt;Buy;Done;734728,348280;0,000000;0;1,34323;1,3433;51,430984;0;0;0;0;IndexDeviation;IndexQuality
1177;31.03.2025 16:07:00;31.03.2025 16:09:00;14 MyNewBot1tab1;UsdSek.txt;Buy;Done;98347,907432;0,000000;0;10,0362;10,03288;-326,515053;0;0;0;0;IndexDeviation;IndexQuality
1176;31.03.2025 16:07:00;31.03.2025 16:09:00;5 MyNewBot1tab1;UsdHuf.txt;Buy;Done;2653,405179;0,000000;0;372,1;372,09;-26,534;0;0;0;0;IndexDeviation;IndexQuality
1174;31.03.2025 16:08:00;;13 MyNewBot1tab1;UsdRub.txt;Sell;Done;11633,884485;0,000000;0;84,576;84,576;0;0;0;0;0;IndexDeviation;IndexQuality
1173;31.03.2025 16:06:00;31.03.2025 16:08:00;11 MyNewBot1tab1;UsdNok.txt;Buy;Done;93659,074023;0,000000;0;10,5378;10,5371;-65,561352;0;0;0;0;IndexDeviation;IndexQuality
1172;31.03.2025 16:05:00;31.03.2025 16:07:00;7 MyNewBot1tab1;UsdJpy.txt;Sell;Done;6597,330149;0,000000;0;149,6;149,614;-92,3626;0;0;0;0;IndexDeviation;IndexDeviationExit
1171;31.03.2025 16:00:00;31.03.2025 16:02:00;0 MyNewBot1tab1;UsdCad.txt;Buy;Done;686706,347906;0,000000;0;1,43785;1,43776;-61,803571;0;0;0;0;IndexDeviation;IndexQuality
1170;31.03.2025 15:59:00;31.03.2025 16:01:00;10 MyNewBot1tab1;UsdMxn.txt;Buy;Done;48482,911588;0,000000;0;20,3649;20,358;-334,53209;0;0;0;0;IndexDeviation;IndexQuality
1168;31.03.2025 15:58:00;31.03.2025 16:01:00;7 MyNewBot1tab1;UsdJpy.txt;Sell;Done;6596,468665;0,000000;0;149,602;149,604;-13,1929;0;0;0;0;IndexDeviation;IndexQuality
1169;31.03.2025 15:58:00;31.03.2025 16:00:00;17 MyNewBot1tab1;UsdZar.txt;Buy;Done;53691,030897;0,000000;0;18,3797;18,3827;161,07309;0;0;0;0;IndexDeviation;IndexDeviationExit
1167;31.03.2025 15:55:00;31.03.2025 15:57:00;11 MyNewBot1tab1;UsdNok.txt;Sell;Done;93519,179985;0,000000;0;10,5488;10,5454;317,965212;0;0;0;0;IndexDeviation;IndexQuality
1164;31.03.2025 15:53:00;31.03.2025 15:56:00;17 MyNewBot1tab1;UsdZar.txt;Buy;Done;53828,833042;0,000000;0;18,3825;18,389;349,88741;0;0;0;0;IndexDeviation;IndexQuality
1166;31.03.2025 15:54:00;31.03.2025 15:56:00;12 MyNewBot1tab1;UsdPln.txt;Sell;Done;255561,487483;0,000000;0;3,8716;3,8713;76,66845;0;0;0;0;IndexDeviation;IndexQuality
1165;31.03.2025 15:54:00;31.03.2025 15:56:00;7 MyNewBot1tab1;UsdJpy.txt;Buy;Done;6617,104170;0,000000;0;149,538;149,549;72,7881;0;0;0;0;IndexDeviation;IndexQuality
1162;31.03.2025 15:52:00;31.03.2025 15:56:00;5 MyNewBot1tab1;UsdHuf.txt;Buy;Done;2661,213783;0,000000;0;372,02;371,93;-239,509;0;0;0;0;IndexDeviation;IndexQuality
1163;31.03.2025 15:52:00;31.03.2025 15:54:00;6 MyNewBot1tab1;UsdInr.txt;Sell;Done;11586,086397;0,000000;0;85,415;85,412;34,75826;0;0;0;0;IndexDeviation;IndexDeviationExit
1161;31.03.2025 15:52:00;31.03.2025 15:53:00;13 MyNewBot1tab1;UsdRub.txt;Sell;Done;11694,923187;0,000000;0;84,351;84,6;-2912,03587;0;0;0;0;IndexDeviation;IndexQuality
1160;31.03.2025 15:49:00;31.03.2025 15:51:00;0 MyNewBot1tab1;UsdCad.txt;Sell;Done;688507,023049;0,000000;0;1,43739;1,43756;-117,046194;0;0;0;0;IndexDeviation;IndexDeviationExit
1159;31.03.2025 15:43:00;31.03.2025 15:45:00;5 MyNewBot1tab1;UsdHuf.txt;Buy;Done;2664,074755;0,000000;0;371,85;371,628;-591,425;0;0;0;0;IndexDeviation;IndexQuality
1158;31.03.2025 15:41:00;31.03.2025 15:44:00;1 MyNewBot1tab1;UsdChf.txt;Sell;Done;1122975,111905;0,000000;0;0,88175;0,88172;33,689253;0;0;0;0;IndexDeviation;IndexQuality
1157;31.03.2025 15:41:00;31.03.2025 15:43:00;12 MyNewBot1tab1;UsdPln.txt;Sell;Done;255914,221266;0,000000;0;3,8692;3,8692;0;0;0;0;0;IndexDeviation;IndexDeviationExit
1152;28.03.2025 17:09:00;;9 MyNewBot1tab1;UsdMdl.txt;Buy;Done;55412,454274;0,000000;0;17,88;17,88;0;0;0;0;0;IndexDeviation;IndexQuality
1153;28.03.2025 16:18:00;28.03.2025 16:23:00;2 MyNewBot1tab1;UsdCny.txt;Sell;Done;136385,805274;0,000000;0;7,2645;7,265;-68,1929;0;0;0;0;IndexDeviation;IndexQuality
1156;28.03.2025 16:18:00;28.03.2025 16:20:00;7 MyNewBot1tab1;UsdJpy.txt;Buy;Done;6575,181721;0,000000;0;150,689;150,649;-263,0073;0;0;0;0;IndexDeviation;IndexQuality
1155;28.03.2025 16:17:00;28.03.2025 16:19:00;14 MyNewBot1tab1;UsdSek.txt;Buy;Done;98871,321536;0,000000;0;10,0206;10,0177;-286,726832;0;0;0;0;IndexDeviation;IndexQuality
1154;28.03.2025 16:17:00;28.03.2025 16:19:00;5 MyNewBot1tab1;UsdHuf.txt;Buy;Done;2654,951183;0,000000;0;373,17;373,18;26,55;0;0;0;0;IndexDeviation;IndexQuality
1138;28.03.2025 16:15:00;;16 MyNewBot1tab1;UsdUah.txt;Buy;Done;23895,220463;0,000000;0;41,4863;41,4863;0;0;0;0;0;IndexDeviation;IndexQuality
1140;28.03.2025 16:10:00;28.03.2025 16:15:00;13 MyNewBot1tab1;UsdRub.txt;Buy;Done;11825,411961;0,000000;0;84,3056;83,83;-5624,16593;0;0;0;0;IndexDeviation;IndexQuality
1137;28.03.2025 16:15:00;;9 MyNewBot1tab1;UsdMdl.txt;Buy;Done;55322,522724;0,000000;0;17,919;17,919;0;0;0;0;0;IndexDeviation;IndexQuality
1144;28.03.2025 16:09:00;28.03.2025 16:11:00;17 MyNewBot1tab1;UsdZar.txt;Buy;Done;54601,571124;0,000000;0;18,1568;18,1592;131,04377;0;0;0;0;IndexDeviation;IndexQuality
1142;28.03.2025 16:09:00;28.03.2025 16:11:00;15 MyNewBot1tab1;UsdSgd.txt;Buy;Done;739314,239781;0,000000;0;1,34087;1,34138;377,050262;0;0;0;0;IndexDeviation;IndexQuality
1148;28.03.2025 16:09:00;28.03.2025 16:11:00;14 MyNewBot1tab1;UsdSek.txt;Buy;Done;98969,129406;0,000000;0;10,016;10,021;494,845647;0;0;0;0;IndexDeviation;IndexQuality
1149;28.03.2025 16:09:00;28.03.2025 16:11:00;12 MyNewBot1tab1;UsdPln.txt;Buy;Done;256282,631659;0,000000;0;3,86808;3,8697;415,17786;0;0;0;0;IndexDeviation;IndexQuality
1141;28.03.2025 16:09:00;28.03.2025 16:11:00;11 MyNewBot1tab1;UsdNok.txt;Buy;Done;94839,971366;0,000000;0;10,4526;10,46368;1050,826883;0;0;0;0;IndexDeviation;IndexQuality
1151;28.03.2025 16:09:00;28.03.2025 16:11:00;10 MyNewBot1tab1;UsdMxn.txt;Buy;Done;48741,507921;0,000000;0;20,3384;20,33917;37,53096;0;0;0;0;IndexDeviation;IndexQuality
1143;28.03.2025 16:09:00;28.03.2025 16:11:00;7 MyNewBot1tab1;UsdJpy.txt;Sell;Done;6581,056506;0,000000;0;150,634;150,641;-46,0674;0;0;0;0;IndexDeviation;IndexQuality
1139;28.03.2025 16:08:00;28.03.2025 16:11:00;6 MyNewBot1tab1;UsdInr.txt;Sell;Done;11592,809017;0,000000;0;85,51;85,489;243,44899;0;0;0;0;IndexDeviation;IndexQuality
1146;28.03.2025 16:09:00;28.03.2025 16:11:00;5 MyNewBot1tab1;UsdHuf.txt;Buy;Done;2656,708701;0,000000;0;373,15;373,41;690,744;0;0;0;0;IndexDeviation;IndexQuality
1147;28.03.2025 16:09:00;28.03.2025 16:11:00;3 MyNewBot1tab1;UsdDkk.txt;Buy;Done;143528,321962;0,000000;0;6,90682;6,91317;911,404844;0;0;0;0;IndexDeviation;IndexQuality
1150;28.03.2025 16:09:00;28.03.2025 16:11:00;1 MyNewBot1tab1;UsdChf.txt;Buy;Done;1124141,616710;0,000000;0;0,88189;0,88229;449,656647;0;0;0;0;IndexDeviation;IndexQuality
1145;28.03.2025 16:09:00;28.03.2025 16:11:00;0 MyNewBot1tab1;UsdCad.txt;Buy;Done;693262,853473;0,000000;0;1,42994;1,4304;318,900913;0;0;0;0;IndexDeviation;IndexQuality
1135;28.03.2025 15:22:00;28.03.2025 15:34:00;2 MyNewBot1tab1;UsdCny.txt;Sell;Done;136473,134595;0,000000;0;7,2645;7,2645;0;0;0;0;0;IndexDeviation;IndexQuality
1136;28.03.2025 15:21:00;28.03.2025 15:23:00;15 MyNewBot1tab1;UsdSgd.txt;Sell;Done;738375,266270;0,000000;0;1,34269;1,34273;-29,535011;0;0;0;0;IndexDeviation;IndexQuality
1133;28.03.2025 15:19:00;28.03.2025 15:22:00;12 MyNewBot1tab1;UsdPln.txt;Buy;Done;255537,563798;0,000000;0;3,8808;3,8823;383,30635;0;0;0;0;IndexDeviation;IndexQuality
1134;28.03.2025 15:20:00;28.03.2025 15:22:00;10 MyNewBot1tab1;UsdMxn.txt;Sell;Done;48714,180800;0,000000;0;20,3536;20,3614;-379,97061;0;0;0;0;IndexDeviation;IndexQuality
1132;28.03.2025 15:19:00;28.03.2025 15:21:00;11 MyNewBot1tab1;UsdNok.txt;Buy;Done;94519,833945;0,000000;0;10,489;10,48838;-58,602297;0;0;0;0;IndexDeviation;IndexDeviationExit
1131;27.03.2025 17:21:00;27.03.2025 17:23:00;15 MyNewBot1tab1;UsdSgd.txt;Buy;Done;738970,641386;0,000000;0;1,34047;1,34065;133,014715;0;0;0;0;IndexDeviation;IndexQuality
1130;27.03.2025 17:21:00;27.03.2025 17:23:00;7 MyNewBot1tab1;UsdJpy.txt;Buy;Done;6564,878657;0,000000;0;150,89;150,898;52,519;0;0;0;0;IndexDeviation;IndexQuality
1129;27.03.2025 17:20:00;27.03.2025 17:22:00;11 MyNewBot1tab1;UsdNok.txt;Buy;Done;94140,229918;0,000000;0;10,522;10,5235;141,210345;0;0;0;0;IndexDeviation;IndexQuality
1127;27.03.2025 17:19:00;27.03.2025 17:22:00;0 MyNewBot1tab1;UsdCad.txt;Sell;Done;691582,869511;0,000000;0;1,43232;1,43245;-89,905773;0;0;0;0;IndexDeviation;IndexQuality
1128;27.03.2025 17:19:00;27.03.2025 17:21:00;10 MyNewBot1tab1;UsdMxn.txt;Sell;Done;48731,636526;0,000000;0;20,3273;20,3149;604,27229;0;0;0;0;IndexDeviation;IndexDeviationExit
1124;27.03.2025 17:18:00;;6 MyNewBot1tab1;UsdInr.txt;Buy;Done;11525,057021;0,000000;0;85,694;85,694;0;0;0;0;0;IndexDeviation;IndexQuality
1125;27.03.2025 17:18:00;;2 MyNewBot1tab1;UsdCny.txt;Buy;Done;135905,624171;0,000000;0;7,2671;7,2671;0;0;0;0;0;IndexDeviation;IndexQuality
1126;27.03.2025 17:14:00;27.03.2025 17:16:00;0 MyNewBot1tab1;UsdCad.txt;Buy;Done;689731,103283;0,000000;0;1,43192;1,43216;165,535465;0;0;0;0;IndexDeviation;IndexQuality
1123;27.03.2025 17:13:00;27.03.2025 17:15:00;13 MyNewBot1tab1;UsdRub.txt;Buy;Done;11823,773033;0,000000;0;83,85;84,0901;2838,88791;0;0;0;0;IndexDeviation;IndexQuality
1122;27.03.2025 17:12:00;27.03.2025 17:14:00;12 MyNewBot1tab1;UsdPln.txt;Sell;Done;254030,412825;0,000000;0;3,8872;3,8875;-76,20912;0;0;0;0;IndexDeviation;IndexDeviationExit
1121;27.03.2025 16:49:00;27.03.2025 16:51:00;3 MyNewBot1tab1;UsdDkk.txt;Sell;Done;142656,794601;0,000000;0;6,91307;6,91535;-325,257492;0;0;0;0;IndexDeviation;IndexQuality
1117;27.03.2025 16:48:00;27.03.2025 16:51:00;2 MyNewBot1tab1;UsdCny.txt;Buy;Done;135725,293337;0,000000;0;7,2661;7,2662;13,57253;0;0;0;0;IndexDeviation;IndexQuality
1118;27.03.2025 16:48:00;27.03.2025 16:50:00;15 MyNewBot1tab1;UsdSgd.txt;Sell;Done;736146,628585;0,000000;0;1,33974;1,34;-191,398123;0;0;0;0;IndexDeviation;IndexQuality
1120;27.03.2025 16:48:00;27.03.2025 16:50:00;14 MyNewBot1tab1;UsdSek.txt;Buy;Done;98395,996480;0,000000;0;10,0227;10,0319;905,243168;0;0;0;0;IndexDeviation;IndexQuality
1113;27.03.2025 16:50:00;;13 MyNewBot1tab1;UsdRub.txt;Buy;Done;11806,459403;0,000000;0;84,102;84,102;0;0;0;0;0;IndexDeviation;IndexQuality
1115;27.03.2025 16:47:00;27.03.2025 16:50:00;12 MyNewBot1tab1;UsdPln.txt;Buy;Done;253885,684769;0,000000;0;3,884;3,8854;355,43996;0;0;0;0;IndexDeviation;IndexQuality
1116;27.03.2025 16:47:00;27.03.2025 16:50:00;10 MyNewBot1tab1;UsdMxn.txt;Sell;Done;48446,363498;0,000000;0;20,3561;20,3399;784,83109;0;0;0;0;IndexDeviation;IndexQuality
1119;27.03.2025 16:48:00;27.03.2025 16:50:00;7 MyNewBot1tab1;UsdJpy.txt;Sell;Done;6545,387628;0,000000;0;150,667;150,762;-621,8118;0;0;0;0;IndexDeviation;IndexQuality
1114;27.03.2025 16:47:00;27.03.2025 16:50:00;1 MyNewBot1tab1;UsdChf.txt;Buy;Done;1118272,748207;0,000000;0;0,88219;0,88266;525,588192;0;0;0;0;IndexDeviation;IndexQuality
1106;27.03.2025 16:16:00;;9 MyNewBot1tab1;UsdMdl.txt;Sell;Done;55049,248692;0,000000;0;17,93;17,93;0;0;0;0;0;IndexDeviation;IndexQuality
1109;27.03.2025 16:15:00;;13 MyNewBot1tab1;UsdRub.txt;Sell;Done;11740,483676;0,000000;0;84,0632;84,0632;0;0;0;0;0;IndexDeviation;IndexQuality
1111;27.03.2025 16:12:00;27.03.2025 16:14:00;7 MyNewBot1tab1;UsdJpy.txt;Sell;Done;6547,352484;0,000000;0;150,753;150,817;-419,0306;0;0;0;0;IndexDeviation;IndexQuality
1112;27.03.2025 16:12:00;27.03.2025 16:14:00;3 MyNewBot1tab1;UsdDkk.txt;Sell;Done;142648,023668;0,000000;0;6,91925;6,91917;11,411842;0;0;0;0;IndexDeviation;IndexQuality
1104;27.03.2025 16:14:00;;2 MyNewBot1tab1;UsdCny.txt;Sell;Done;135865,134491;0,000000;0;7,2648;7,2648;0;0;0;0;0;IndexDeviation;IndexQuality
1107;27.03.2025 16:10:00;27.03.2025 16:13:00;17 MyNewBot1tab1;UsdZar.txt;Sell;Done;54021,809908;0,000000;0;18,2685;18,2712;-145,85889;0;0;0;0;IndexDeviation;IndexQuality
1105;27.03.2025 16:10:00;27.03.2025 16:13:00;15 MyNewBot1tab1;UsdSgd.txt;Sell;Done;736745,759598;0,000000;0;1,33972;1,34;-206,288813;0;0;0;0;IndexDeviation;IndexQuality
1108;27.03.2025 16:10:00;27.03.2025 16:13:00;8 MyNewBot1tab1;UsdKzt.txt;Buy;Done;1972,803464;0,000000;0;500,32;500,32;0;0;0;0;0;IndexDeviation;IndexQuality
1110;27.03.2025 16:11:00;27.03.2025 16:13:00;5 MyNewBot1tab1;UsdHuf.txt;Buy;Done;2656,957197;0,000000;0;371,65;371,62;-79,709;0;0;0;0;IndexDeviation;IndexQuality
1097;27.03.2025 16:09:00;;16 MyNewBot1tab1;UsdUah.txt;Buy;Done;23753,198763;0,000000;0;41,5644;41,5644;0;0;0;0;0;IndexDeviation;IndexQuality
1099;27.03.2025 16:07:00;;2 MyNewBot1tab1;UsdCny.txt;Sell;Done;135905,768416;0,000000;0;7,2645;7,2645;0;0;0;0;0;IndexDeviation;IndexQuality
1098;27.03.2025 16:00:00;27.03.2025 16:05:00;13 MyNewBot1tab1;UsdRub.txt;Buy;Done;11819,555305;0,000000;0;84,062;84,0708;104,01209;0;0;0;0;IndexDeviation;IndexQuality
1103;27.03.2025 16:01:00;27.03.2025 16:03:00;10 MyNewBot1tab1;UsdMxn.txt;Sell;Done;48684,293270;0,000000;0;20,2813;20,2888;-365,1322;0;0;0;0;IndexDeviation;IndexQuality
1101;27.03.2025 16:00:00;27.03.2025 16:02:00;17 MyNewBot1tab1;UsdZar.txt;Buy;Done;54111,920644;0,000000;0;18,2451;18,2542;492,41848;0;0;0;0;IndexDeviation;IndexQuality
1102;27.03.2025 16:00:00;27.03.2025 16:02:00;5 MyNewBot1tab1;UsdHuf.txt;Buy;Done;2658,608894;0,000000;0;371,53;371,27;-691,238;0;0;0;0;IndexDeviation;IndexQuality
1100;27.03.2025 15:59:00;27.03.2025 16:01:00;14 MyNewBot1tab1;UsdSek.txt;Buy;Done;98431,482389;0,000000;0;10,03086;10,032;112,21189;0;0;0;0;IndexDeviation;IndexDeviationExit
1095;27.03.2025 15:56:00;27.03.2025 15:58:00;15 MyNewBot1tab1;UsdSgd.txt;Sell;Done;742737,169376;0,000000;0;1,33962;1,33956;44,56423;0;0;0;0;IndexDeviation;IndexQuality
1091;27.03.2025 15:55:00;27.03.2025 15:58:00;13 MyNewBot1tab1;UsdRub.txt;Buy;Done;11911,359480;0,000000;0;84,0871;83,53;-6635,81837;0;0;0;0;IndexDeviation;IndexQuality
1092;27.03.2025 15:56:00;27.03.2025 15:58:00;2 MyNewBot1tab1;UsdCny.txt;Buy;Done;136961,367933;0,000000;0;7,2645;7,2645;0;0;0;0;0;IndexDeviation;IndexQuality
1096;27.03.2025 15:56:00;27.03.2025 15:58:00;0 MyNewBot1tab1;UsdCad.txt;Buy;Done;696260,222080;0,000000;0;1,42941;1,42948;48,738216;0;0;0;0;IndexDeviation;IndexQuality
1093;27.03.2025 15:54:00;27.03.2025 15:57:00;14 MyNewBot1tab1;UsdSek.txt;Sell;Done;99168,330245;0,000000;0;10,033;10,03774;-470,057885;0;0;0;0;IndexDeviation;IndexQuality
1094;27.03.2025 15:55:00;27.03.2025 15:57:00;12 MyNewBot1tab1;UsdPln.txt;Sell;Done;255693,836696;0,000000;0;3,8912;3,8934;-562,52644;0;0;0;0;IndexDeviation;IndexQuality
1090;27.03.2025 15:48:00;27.03.2025 15:50:00;14 MyNewBot1tab1;UsdSek.txt;Buy;Done;99345,191172;0,000000;0;10,02094;10,0228;184,782056;0;0;0;0;IndexDeviation;IndexQuality
1089;27.03.2025 15:48:00;27.03.2025 15:50:00;5 MyNewBot1tab1;UsdHuf.txt;Sell;Done;2681,172235;0,000000;0;371,13;371,28;-402,176;0;0;0;0;IndexDeviation;IndexQuality
1088;27.03.2025 15:47:00;27.03.2025 15:49:00;17 MyNewBot1tab1;UsdZar.txt;Buy;Done;54664,705218;0,000000;0;18,2199;18,2192;-38,26529;0;0;0;0;IndexDeviation;IndexQuality
1087;27.03.2025 15:46:00;27.03.2025 15:49:00;10 MyNewBot1tab1;UsdMxn.txt;Sell;Done;49120,359212;0,000000;0;20,2653;20,26832;-148,34348;0;0;0;0;IndexDeviation;IndexQuality
1086;27.03.2025 15:46:00;27.03.2025 15:48:00;1 MyNewBot1tab1;UsdChf.txt;Buy;Done;1127937,651464;0,000000;0;0,88283;0,88276;-78,955636;0;0;0;0;IndexDeviation;IndexDeviationExit
1082;27.03.2025 15:32:00;27.03.2025 15:34:00;17 MyNewBot1tab1;UsdZar.txt;Buy;Done;54629,251741;0,000000;0;18,21763;18,2112;-351,26609;0;0;0;0;IndexDeviation;IndexQuality
1084;27.03.2025 15:32:00;27.03.2025 15:34:00;12 MyNewBot1tab1;UsdPln.txt;Buy;Done;256077,551908;0,000000;0;3,8863;3,8871;204,86204;0;0;0;0;IndexDeviation;IndexQuality
1085;27.03.2025 15:32:00;27.03.2025 15:34:00;10 MyNewBot1tab1;UsdMxn.txt;Buy;Done;49206,140419;0,000000;0;20,2264;20,237;521,58509;0;0;0;0;IndexDeviation;IndexQuality
1083;27.03.2025 15:32:00;27.03.2025 15:34:00;3 MyNewBot1tab1;UsdDkk.txt;Buy;Done;144006,683787;0,000000;0;6,91075;6,91183;155,527218;0;0;0;0;IndexDeviation;IndexQuality
1078;27.03.2025 15:30:00;27.03.2025 15:33:00;11 MyNewBot1tab1;UsdNok.txt;Buy;Done;94752,424520;0,000000;0;10,5031;10,5002;-274,782031;0;0;0;0;IndexDeviation;IndexQuality
1081;27.03.2025 15:30:00;27.03.2025 15:33:00;1 MyNewBot1tab1;UsdChf.txt;Buy;Done;1127213,426492;0,000000;0;0,88304;0,88295;-101,449208;0;0;0;0;IndexDeviation;IndexQuality
1080;27.03.2025 15:30:00;27.03.2025 15:33:00;0 MyNewBot1tab1;UsdCad.txt;Buy;Done;696646,382682;0,000000;0;1,42887;1,42863;-167,195132;0;0;0;0;IndexDeviation;IndexQuality
1079;27.03.2025 15:30:00;27.03.2025 15:32:00;7 MyNewBot1tab1;UsdJpy.txt;Buy;Done;6598,555828;0,000000;0;150,829;150,868;257,3437;0;0;0;0;IndexDeviation;IndexDeviationExit
1074;26.03.2025 17:31:00;;2 MyNewBot1tab1;UsdCny.txt;Sell;Done;137067,696777;0,000000;0;7,2673;7,2673;0;0;0;0;0;IndexDeviation;IndexQuality
1076;26.03.2025 16:52:00;26.03.2025 16:54:00;15 MyNewBot1tab1;UsdSgd.txt;Buy;Done;743488,974642;0,000000;0;1,33892;1,33889;-22,304669;0;0;0;0;IndexDeviation;IndexQuality
1077;26.03.2025 16:52:00;26.03.2025 16:54:00;10 MyNewBot1tab1;UsdMxn.txt;Buy;Done;49452,044995;0,000000;0;20,129;20,1287;-14,83561;0;0;0;0;IndexDeviation;IndexQuality
1075;26.03.2025 16:50:00;26.03.2025 16:52:00;11 MyNewBot1tab1;UsdNok.txt;Buy;Done;94441,717893;0,000000;0;10,5436;10,5416;-188,883436;0;0;0;0;IndexDeviation;IndexDeviationExit
1073;26.03.2025 16:47:00;26.03.2025 16:50:00;0 MyNewBot1tab1;UsdCad.txt;Buy;Done;698923,069259;0,000000;0;1,42505;1,42457;-335,483073;0;0;0;0;IndexDeviation;IndexQuality
1064;26.03.2025 16:08:00;26.03.2025 16:46:00;16 MyNewBot1tab1;UsdUah.txt;Sell;Done;23862,664150;0,000000;0;41,6949;41,6949;0;0;0;0;0;IndexDeviation;IndexQuality
1072;26.03.2025 16:46:00;;9 MyNewBot1tab1;UsdMdl.txt;Buy;Done;55490,875376;0,000000;0;17,93;17,93;0;0;0;0;0;IndexDeviation;IndexQuality
1071;26.03.2025 16:08:00;26.03.2025 16:14:00;6 MyNewBot1tab1;UsdInr.txt;Buy;Done;11624,757802;0,000000;0;85,589;85,584;-58,12379;0;0;0;0;IndexDeviation;IndexQuality
1066;26.03.2025 16:08:00;26.03.2025 16:12:00;17 MyNewBot1tab1;UsdZar.txt;Buy;Done;54511,313457;0,000000;0;18,2522;18,2505;-92,66923;0;0;0;0;IndexDeviation;IndexQuality
1065;26.03.2025 16:08:00;26.03.2025 16:12:00;15 MyNewBot1tab1;UsdSgd.txt;Buy;Done;743527,553328;0,000000;0;1,33815;1,33834;141,270235;0;0;0;0;IndexDeviation;IndexQuality
1061;26.03.2025 16:07:00;26.03.2025 16:12:00;7 MyNewBot1tab1;UsdJpy.txt;Sell;Done;6614,049029;0,000000;0;150,426;150,383;284,4041;0;0;0;0;IndexDeviation;IndexQuality
1068;26.03.2025 16:08:00;26.03.2025 16:12:00;3 MyNewBot1tab1;UsdDkk.txt;Buy;Done;143916,156497;0,000000;0;6,91341;6,91575;336,763806;0;0;0;0;IndexDeviation;IndexQuality
1070;26.03.2025 16:08:00;26.03.2025 16:12:00;1 MyNewBot1tab1;UsdChf.txt;Buy;Done;1126020,139753;0,000000;0;0,8836;0,88369;101,341813;0;0;0;0;IndexDeviation;IndexQuality
1069;26.03.2025 16:08:00;26.03.2025 16:11:00;14 MyNewBot1tab1;UsdSek.txt;Buy;Done;99049,417171;0,000000;0;10,04648;10,0469;41,600755;0;0;0;0;IndexDeviation;IndexDeviationExit
1063;26.03.2025 16:08:00;26.03.2025 16:11:00;11 MyNewBot1tab1;UsdNok.txt;Buy;Done;94503,466451;0,000000;0;10,52977;10,52894;-78,437877;0;0;0;0;IndexDeviation;IndexDeviationExit
1067;26.03.2025 16:08:00;26.03.2025 16:10:00;0 MyNewBot1tab1;UsdCad.txt;Buy;Done;697619,141281;0,000000;0;1,42619;1,4263;76,738106;0;0;0;0;IndexDeviation;IndexDeviationExit
1062;26.03.2025 16:07:00;26.03.2025 16:09:00;12 MyNewBot1tab1;UsdPln.txt;Sell;Done;257066,813633;0,000000;0;3,8704;3,8702;51,41336;0;0;0;0;IndexDeviation;IndexDeviationExit
1055;26.03.2025 15:32:00;26.03.2025 15:35:00;13 MyNewBot1tab1;UsdRub.txt;Sell;Done;11847,124609;0,000000;0;83,85;84,0302;-2134,85185;0;0;0;0;IndexDeviation;IndexQuality
1057;26.03.2025 15:31:00;26.03.2025 15:34:00;17 MyNewBot1tab1;UsdZar.txt;Buy;Done;54647,277180;0,000000;0;18,2577;18,2649;393,4604;0;0;0;0;IndexDeviation;IndexQuality
1056;26.03.2025 15:31:00;26.03.2025 15:34:00;7 MyNewBot1tab1;UsdJpy.txt;Sell;Done;6641,035550;0,000000;0;150,169;150,179;-66,4104;0;0;0;0;IndexDeviation;IndexQuality
1059;26.03.2025 15:31:00;26.03.2025 15:34:00;3 MyNewBot1tab1;UsdDkk.txt;Sell;Done;144236,622177;0,000000;0;6,91435;6,9152;-122,601129;0;0;0;0;IndexDeviation;IndexQuality
1060;26.03.2025 15:31:00;26.03.2025 15:34:00;1 MyNewBot1tab1;UsdChf.txt;Sell;Done;1128821,195294;0,000000;0;0,88318;0,8834;-248,340663;0;0;0;0;IndexDeviation;IndexQuality
1058;26.03.2025 15:31:00;26.03.2025 15:34:00;0 MyNewBot1tab1;UsdCad.txt;Sell;Done;699176,201025;0,000000;0;1,42638;1,42661;-160,810526;0;0;0;0;IndexDeviation;IndexQuality
1054;25.03.2025 16:10:00;25.03.2025 16:12:00;6 MyNewBot1tab1;UsdInr.txt;Buy;Done;11651,782301;0,000000;0;85,653;85,637;-186,42852;0;0;0;0;IndexDeviation;IndexQuality
1053;25.03.2025 16:10:00;25.03.2025 16:12:00;5 MyNewBot1tab1;UsdHuf.txt;Sell;Done;2715,528132;0,000000;0;367,524;367,62;-260,691;0;0;0;0;IndexDeviation;IndexQuality
1052;25.03.2025 16:08:00;25.03.2025 16:11:00;2 MyNewBot1tab1;UsdCny.txt;Sell;Done;137512,549387;0,000000;0;7,257;7,257;0;0;0;0;0;IndexDeviation;IndexQuality
1051;25.03.2025 16:08:00;25.03.2025 16:10:00;11 MyNewBot1tab1;UsdNok.txt;Buy;Done;95519,322597;0,000000;0;10,44757;10,4446;-283,692388;0;0;0;0;IndexDeviation;IndexDeviationExit
1050;25.03.2025 16:05:00;25.03.2025 16:07:00;7 MyNewBot1tab1;UsdJpy.txt;Sell;Done;6656,451623;0,000000;0;149,926;149,912;93,1903;0;0;0;0;IndexDeviation;IndexQuality
1049;25.03.2025 16:07:00;;2 MyNewBot1tab1;UsdCny.txt;Buy;Done;137470,807631;0,000000;0;7,257;7,257;0;0;0;0;0;IndexDeviation;IndexQuality
1048;25.03.2025 16:01:00;25.03.2025 16:03:00;5 MyNewBot1tab1;UsdHuf.txt;Sell;Done;2715,935679;0,000000;0;367,23;367,272;-114,069;0;0;0;0;IndexDeviation;IndexQuality
1045;25.03.2025 16:00:00;25.03.2025 16:02:00;17 MyNewBot1tab1;UsdZar.txt;Buy;Done;54945,490985;0,000000;0;18,156;18,1607;258,24381;0;0;0;0;IndexDeviation;IndexQuality
1043;25.03.2025 15:59:00;25.03.2025 16:02:00;14 MyNewBot1tab1;UsdSek.txt;Sell;Done;99969,970070;0,000000;0;9,97951;9,97911;39,987988;0;0;0;0;IndexDeviation;IndexQuality
1041;25.03.2025 16:02:00;;9 MyNewBot1tab1;UsdMdl.txt;Buy;Done;55793,642859;0,000000;0;17,88;17,88;0;0;0;0;0;IndexDeviation;IndexQuality
1047;25.03.2025 16:00:00;25.03.2025 16:02:00;6 MyNewBot1tab1;UsdInr.txt;Sell;Done;11644,298421;0,000000;0;85,671;85,671;0;0;0;0;0;IndexDeviation;IndexQuality
1042;25.03.2025 16:02:00;;2 MyNewBot1tab1;UsdCny.txt;Buy;Done;137465,941068;0,000000;0;7,257;7,257;0;0;0;0;0;IndexDeviation;IndexQuality
1046;25.03.2025 16:00:00;25.03.2025 16:02:00;0 MyNewBot1tab1;UsdCad.txt;Sell;Done;698573,103224;0,000000;0;1,42777;1,4276;118,757428;0;0;0;0;IndexDeviation;IndexQuality
1044;25.03.2025 15:59:00;25.03.2025 16:01:00;11 MyNewBot1tab1;UsdNok.txt;Sell;Done;95450,402274;0,000000;0;10,45137;10,451;35,316649;0;0;0;0;IndexDeviation;IndexDeviationExit
1038;25.03.2025 15:58:00;;9 MyNewBot1tab1;UsdMdl.txt;Sell;Done;55696,741945;0,000000;0;17,91;17,91;0;0;0;0;0;IndexDeviation;IndexQuality
1040;25.03.2025 15:35:00;25.03.2025 15:37:00;12 MyNewBot1tab1;UsdPln.txt;Sell;Done;259059,196308;0,000000;0;3,8501;3,8494;181,34144;0;0;0;0;IndexDeviation;IndexQuality
1039;25.03.2025 15:34:00;25.03.2025 15:36:00;0 MyNewBot1tab1;UsdCad.txt;Sell;Done;698412,529926;0,000000;0;1,42827;1,42827;0;0;0;0;0;IndexDeviation;IndexQuality
1037;25.03.2025 15:31:00;25.03.2025 15:33:00;7 MyNewBot1tab1;UsdJpy.txt;Buy;Done;6647,519547;0,000000;0;150,04;150,022;-119,6554;0;0;0;0;IndexDeviation;IndexQuality
1035;25.03.2025 15:28:00;25.03.2025 15:32:00;16 MyNewBot1tab1;UsdUah.txt;Sell;Done;23949,976357;0,000000;0;41,6446;41,6446;0;0;0;0;0;IndexDeviation;IndexQuality
1036;25.03.2025 15:29:00;25.03.2025 15:32:00;15 MyNewBot1tab1;UsdSgd.txt;Buy;Done;746737,332391;0,000000;0;1,33573;1,33577;29,869493;0;0;0;0;IndexDeviation;IndexQuality
1034;25.03.2025 15:28:00;25.03.2025 15:30:00;11 MyNewBot1tab1;UsdNok.txt;Buy;Done;95378,946876;0,000000;0;10,457;10,45817;111,593368;0;0;0;0;IndexDeviation;IndexDeviationExit
1031;25.03.2025 15:10:00;25.03.2025 15:15:00;13 MyNewBot1tab1;UsdRub.txt;Sell;Done;11846,688737;0,000000;0;83,9468;83,9497;-34,3554;0;0;0;0;IndexDeviation;IndexQuality
1033;25.03.2025 15:12:00;25.03.2025 15:14:00;10 MyNewBot1tab1;UsdMxn.txt;Buy;Done;49837,324424;0,000000;0;20,011;20,015;199,3493;0;0;0;0;IndexDeviation;IndexQuality
1032;25.03.2025 15:12:00;25.03.2025 15:14:00;5 MyNewBot1tab1;UsdHuf.txt;Buy;Done;2716,708506;0,000000;0;367,12;367,13;27,167;0;0;0;0;IndexDeviation;IndexQuality
1030;24.03.2025 18:05:00;;13 MyNewBot1tab1;UsdRub.txt;Buy;Done;11921,846557;0,000000;0;83,8741;83,8741;0;0;0;0;0;IndexDeviation;TimeFilter
1029;24.03.2025 18:00:00;24.03.2025 18:02:00;11 MyNewBot1tab1;UsdNok.txt;Buy;Done;94804,528181;0,000000;0;10,516;10,5206;436,10083;0;0;0;0;IndexDeviation;TimeFilter
1027;24.03.2025 18:00:00;24.03.2025 18:02:00;7 MyNewBot1tab1;UsdJpy.txt;Buy;Done;6625,757094;0,000000;0;150,468;150,462;-39,7545;0;0;0;0;IndexDeviation;TimeFilter
1028;24.03.2025 18:00:00;24.03.2025 18:02:00;5 MyNewBot1tab1;UsdHuf.txt;Buy;Done;2702,679512;0,000000;0;368,87;368,77;-270,268;0;0;0;0;IndexDeviation;TimeFilter
1026;24.03.2025 18:00:00;24.03.2025 18:02:00;0 MyNewBot1tab1;UsdCad.txt;Buy;Done;696851,418110;0,000000;0;1,43066;1,43081;104,527713;0;0;0;0;IndexDeviation;TimeFilter
1023;24.03.2025 17:59:00;;9 MyNewBot1tab1;UsdMdl.txt;Buy;Done;55725,936494;0,000000;0;17,9;17,9;0;0;0;0;0;IndexDeviation;IndexQuality
1025;24.03.2025 17:53:00;24.03.2025 17:55:00;10 MyNewBot1tab1;UsdMxn.txt;Buy;Done;49550,528828;0,000000;0;20,13088;20,1193;-573,79512;0;0;0;0;IndexDeviation;IndexQuality
1024;24.03.2025 17:51:00;24.03.2025 17:53:00;17 MyNewBot1tab1;UsdZar.txt;Buy;Done;54937,778862;0,000000;0;18,1568;18,1576;43,95022;0;0;0;0;IndexDeviation;IndexDeviationExit
1019;24.03.2025 17:50:00;;9 MyNewBot1tab1;UsdMdl.txt;Sell;Done;55716,126302;0,000000;0;17,91;17,91;0;0;0;0;0;IndexDeviation;IndexQuality
1021;24.03.2025 17:46:00;24.03.2025 17:48:00;14 MyNewBot1tab1;UsdSek.txt;Sell;Done;98536,172813;0,000000;0;10,1285;10,13157;-302,506051;0;0;0;0;IndexDeviation;IndexQuality
1022;24.03.2025 17:46:00;24.03.2025 17:48:00;6 MyNewBot1tab1;UsdInr.txt;Sell;Done;11667,104983;0,000000;0;85,528;85,542;-163,33947;0;0;0;0;IndexDeviation;IndexQuality
1020;24.03.2025 17:45:00;24.03.2025 17:47:00;17 MyNewBot1tab1;UsdZar.txt;Sell;Done;54941,545606;0,000000;0;18,16199;18,1696;-418,10516;0;0;0;0;IndexDeviation;IndexQuality
1018;24.03.2025 17:44:00;24.03.2025 17:47:00;0 MyNewBot1tab1;UsdCad.txt;Buy;Done;697766,465335;0,000000;0;1,43016;1,43088;502,391855;0;0;0;0;IndexDeviation;IndexQuality
1012;24.03.2025 17:43:00;;2 MyNewBot1tab1;UsdCny.txt;Buy;Done;137521,389549;0,000000;0;7,2526;7,2526;0;0;0;0;0;IndexDeviation;IndexQuality
1013;24.03.2025 17:00:00;24.03.2025 17:05:00;13 MyNewBot1tab1;UsdRub.txt;Sell;Done;11820,750330;0,000000;0;84,1819;84,1745;87,47355;0;0;0;0;IndexDeviation;IndexQuality
1017;24.03.2025 17:01:00;24.03.2025 17:03:00;0 MyNewBot1tab1;UsdCad.txt;Sell;Done;696003,984482;0,000000;0;1,43302;1,43274;194,881116;0;0;0;0;IndexDeviation;IndexQuality
1015;24.03.2025 16:59:00;24.03.2025 17:02:00;11 MyNewBot1tab1;UsdNok.txt;Sell;Done;94751,066826;0,000000;0;10,5264;10,5244;189,502134;0;0;0;0;IndexDeviation;IndexQuality
1016;24.03.2025 17:00:00;24.03.2025 17:02:00;6 MyNewBot1tab1;UsdInr.txt;Sell;Done;11661,124386;0,000000;0;85,523;85,529;-69,96675;0;0;0;0;IndexDeviation;IndexQuality
1014;24.03.2025 16:59:00;24.03.2025 17:01:00;7 MyNewBot1tab1;UsdJpy.txt;Sell;Done;6638,629059;0,000000;0;150,244;150,231;86,3022;0;0;0;0;IndexDeviation;IndexDeviationExit
999;24.03.2025 16:46:00;24.03.2025 16:53:00;2 MyNewBot1tab1;UsdCny.txt;Sell;Done;136124,791629;0,000000;0;7,2526;7,2526;0;0;0;0;0;IndexDeviation;IndexDeviationExit
1002;24.03.2025 16:45:00;24.03.2025 16:50:00;13 MyNewBot1tab1;UsdRub.txt;Sell;Done;11700,704747;0,000000;0;84,2009;84,1495;601,41622;0;0;0;0;IndexDeviation;IndexQuality
1005;24.03.2025 16:46:00;24.03.2025 16:48:00;17 MyNewBot1tab1;UsdZar.txt;Sell;Done;54431,904274;0,000000;0;18,1375;18,1272;560,64861;0;0;0;0;IndexDeviation;IndexQuality
998;24.03.2025 16:45:00;24.03.2025 16:48:00;15 MyNewBot1tab1;UsdSgd.txt;Buy;Done;738413,361083;0,000000;0;1,33559;1,33815;1890,338204;0;0;0;0;IndexDeviation;IndexQuality
1003;24.03.2025 16:45:00;24.03.2025 16:48:00;14 MyNewBot1tab1;UsdSek.txt;Buy;Done;97587,893945;0,000000;0;10,11443;10,1351;2017,141768;0;0;0;0;IndexDeviation;IndexQuality
1004;24.03.2025 16:46:00;24.03.2025 16:48:00;11 MyNewBot1tab1;UsdNok.txt;Sell;Done;93872,650353;0,000000;0;10,517;10,5142;262,843421;0;0;0;0;IndexDeviation;IndexQuality
1011;24.03.2025 16:46:00;24.03.2025 16:48:00;10 MyNewBot1tab1;UsdMxn.txt;Sell;Done;49076,571394;0,000000;0;20,1167;20,102;721,4256;0;0;0;0;IndexDeviation;IndexQuality
1001;24.03.2025 16:45:00;24.03.2025 16:48:00;7 MyNewBot1tab1;UsdJpy.txt;Buy;Done;6591,611843;0,000000;0;149,788;149,99;1331,5056;0;0;0;0;IndexDeviation;IndexQuality
1010;24.03.2025 16:46:00;24.03.2025 16:48:00;6 MyNewBot1tab1;UsdInr.txt;Sell;Done;11544,049576;0,000000;0;85,532;85,533;-11,54405;0;0;0;0;IndexDeviation;IndexQuality
1007;24.03.2025 16:46:00;24.03.2025 16:48:00;5 MyNewBot1tab1;UsdHuf.txt;Sell;Done;2680,437293;0,000000;0;368,36;368,23;348,457;0;0;0;0;IndexDeviation;IndexQuality
1008;24.03.2025 16:46:00;24.03.2025 16:48:00;3 MyNewBot1tab1;UsdDkk.txt;Sell;Done;143055,049993;0,000000;0;6,90135;6,89795;486,38717;0;0;0;0;IndexDeviation;IndexQuality
